{"features_1": ["cli"], "r2_score_1": 0.7228139030844294, "features_2": ["cli", "rh"], "r2_score_2": 0.7997188949717298, "features_3": ["cli", "ta", "rh"], "r2_score_3": 0.8726657386341958, "features_4": ["cli", "ta", "rh", "rh_z"], "r2_score_4": 0.9093183906084875, "features_5": ["cli", "ta", "rh", "rh_z", "rh_zz"], "r2_score_5": 0.9176608082364327, "features_6": ["cli", "ta", "zg", "rh", "rh_z", "rh_zz"], "r2_score_6": 0.9241460801020662, "features_7": ["cli", "ta", "zg", "rh", "ta_z", "rh_z", "rh_zz"], "r2_score_7": 0.9295478078146348, "features_8": ["clw", "cli", "ta", "zg", "rh", "ta_z", "rh_z", "rh_zz"], "r2_score_8": 0.9322752515554769, "features_9": ["clw", "cli", "ta", "zg", "rh", "ta_z", "pa_zz", "rh_z", "rh_zz"], "r2_score_9": 0.9368928386471583, "features_10": ["clw", "cli", "ta", "zg", "fr_land", "rh", "ta_z", "pa_zz", "rh_z", "rh_zz"], "r2_score_10": 0.9376056410627197, "Required time in minutes": 336.51108892758685, "Epochs": 25, "Subset size": 150000}