{"features_1": ["cli"], "r2_score_1": 0.7246970153946135, "features_2": ["cli", "rh"], "r2_score_2": 0.8013117682447354, "features_3": ["cli", "ta", "rh"], "r2_score_3": 0.8713364064389103, "features_4": ["cli", "ta", "rh", "rh_z"], "r2_score_4": 0.9131480359915279, "features_5": ["cli", "ta", "rh", "ta_z", "rh_z"], "r2_score_5": 0.9212249450716463, "features_6": ["cli", "ta", "zg", "rh", "ta_z", "rh_z"], "r2_score_6": 0.925803154702008, "features_7": ["cli", "ta", "zg", "rh", "ta_z", "rh_z", "rh_zz"], "r2_score_7": 0.9305966878224147, "features_8": ["cli", "ta", "zg", "fr_land", "rh", "ta_z", "rh_z", "rh_zz"], "r2_score_8": 0.9337195375743299, "features_9": ["cli", "ta", "zg", "fr_land", "rh", "ps", "ta_z", "rh_z", "rh_zz"], "r2_score_9": 0.9364616660460648, "features_10": ["cli", "ta", "zg", "fr_land", "rh", "ps", "cli_zz", "ta_z", "rh_z", "rh_zz"], "r2_score_10": 0.9375945502224695, "Required time in minutes": 335.22642598152163, "Epochs": 25, "Subset size": 150000}