{"features_1": ["cli"], "r2_score_1": 0.3202100629377237, "features_2": ["clw", "cli"], "r2_score_2": 0.686771851463231, "features_3": ["clw", "cli", "rh"], "r2_score_3": 0.8173013692631393, "features_4": ["clw", "cli", "rh", "rh_z"], "r2_score_4": 0.8612661840961264, "features_5": ["clw", "cli", "rh", "pa_zz", "rh_z"], "r2_score_5": 0.8944613466658836, "features_6": ["clw", "cli", "ta", "rh", "pa_zz", "rh_z"], "r2_score_6": 0.9162504587338283, "features_7": ["clw", "cli", "ta", "rh", "pa_z", "pa_zz", "rh_z"], "r2_score_7": 0.9244977614541419, "features_8": ["clw", "cli", "ta", "rh", "pa_z", "pa_zz", "rh_z", "rh_zz"], "r2_score_8": 0.9299624752226816, "features_9": ["clw", "cli", "ta", "fr_land", "rh", "pa_z", "pa_zz", "rh_z", "rh_zz"], "r2_score_9": 0.9354078081692996, "features_10": ["clw", "cli", "ta", "pa", "fr_land", "rh", "pa_z", "pa_zz", "rh_z", "rh_zz"], "r2_score_10": 0.9386860505828521, "Required time in minutes": 324.40883248647054, "Epochs": 25, "Subset size": 150000}