{"features_1": ["cli"], "r2_score_1": 0.3287970410265195, "features_2": ["clw", "cli"], "r2_score_2": 0.6784635425759197, "features_3": ["clw", "cli", "rh"], "r2_score_3": 0.8180132010556378, "features_4": ["clw", "cli", "rh", "pa_zz"], "r2_score_4": 0.8515696033461031, "features_5": ["clw", "cli", "rh", "pa_zz", "rh_z"], "r2_score_5": 0.8947887390782197, "features_6": ["clw", "cli", "ta", "rh", "pa_zz", "rh_z"], "r2_score_6": 0.9171129556066712, "features_7": ["clw", "cli", "ta", "rh", "pa_zz", "rh_z", "rh_zz"], "r2_score_7": 0.9219880603076905, "features_8": ["clw", "cli", "ta", "rh", "cli_z", "pa_zz", "rh_z", "rh_zz"], "r2_score_8": 0.9274961078938104, "features_9": ["clw", "cli", "ta", "rh", "cli_z", "pa_z", "pa_zz", "rh_z", "rh_zz"], "r2_score_9": 0.9318653619642747, "features_10": ["clw", "cli", "ta", "rh", "ps", "cli_z", "pa_z", "pa_zz", "rh_z", "rh_zz"], "r2_score_10": 0.9389036557025678, "Required time in minutes": 337.98640269438425, "Epochs": 25, "Subset size": 150000}