{"features_1": ["rh"], "r2_score_1": 0.5300172217004704, "features_2": ["rh", "rh_z"], "r2_score_2": 0.718571051404961, "features_3": ["rh", "pa_zz", "rh_z"], "r2_score_3": 0.7726958259039479, "features_4": ["ta", "rh", "pa_zz", "rh_z"], "r2_score_4": 0.8081684154428809, "features_5": ["ta", "rh", "pa_zz", "rh_z", "rh_zz"], "r2_score_5": 0.8335055761227457, "features_6": ["clw", "ta", "rh", "pa_zz", "rh_z", "rh_zz"], "r2_score_6": 0.8531423457934361, "features_7": ["clw", "ta", "rh", "ta_z", "pa_zz", "rh_z", "rh_zz"], "r2_score_7": 0.8618943966257092, "features_8": ["clw", "ta", "rh", "ps", "ta_z", "pa_zz", "rh_z", "rh_zz"], "r2_score_8": 0.8691150703573716, "features_9": ["clw", "ta", "pa", "rh", "ps", "ta_z", "pa_zz", "rh_z", "rh_zz"], "r2_score_9": 0.8840212822980287, "features_10": ["clw", "ta", "pa", "rh", "ps", "clw_z", "ta_z", "pa_zz", "rh_z", "rh_zz"], "r2_score_10": 0.8912507623604383, "Required time in minutes": 334.15490109523137, "Epochs": 25, "Subset size": 150000}