{"features_1": ["cli"], "r2_score_1": 0.7215868986145116, "features_2": ["cli", "rh"], "r2_score_2": 0.8011236821364526, "features_3": ["cli", "ta", "rh"], "r2_score_3": 0.8757185166217883, "features_4": ["cli", "ta", "rh", "rh_z"], "r2_score_4": 0.9135495833785796, "features_5": ["cli", "ta", "rh", "ta_z", "rh_z"], "r2_score_5": 0.9206735046216858, "features_6": ["cli", "ta", "rh", "ta_z", "rh_z", "rh_zz"], "r2_score_6": 0.9262967559534829, "features_7": ["cli", "ta", "rh", "ta_z", "pa_z", "rh_z", "rh_zz"], "r2_score_7": 0.933067877260676, "features_8": ["cli", "ta", "rh", "ps", "ta_z", "pa_z", "rh_z", "rh_zz"], "r2_score_8": 0.9356319849937534, "features_9": ["cli", "ta", "rh", "ps", "cli_zz", "ta_z", "pa_z", "rh_z", "rh_zz"], "r2_score_9": 0.9379426120143709, "features_10": ["clw", "cli", "ta", "rh", "ps", "cli_zz", "ta_z", "pa_z", "rh_z", "rh_zz"], "r2_score_10": 0.9401684645427348, "Required time in minutes": 338.1334845105807, "Epochs": 25, "Subset size": 150000}