{"features_1": ["cli"], "r2_score_1": 0.7214412190512554, "features_2": ["cli", "rh"], "r2_score_2": 0.7978940602032922, "features_3": ["cli", "ta", "rh"], "r2_score_3": 0.8710590117991174, "features_4": ["cli", "ta", "rh", "rh_z"], "r2_score_4": 0.9124345268288859, "features_5": ["cli", "ta", "pa", "rh", "rh_z"], "r2_score_5": 0.9180336124082054, "features_6": ["cli", "ta", "pa", "rh", "rh_z", "rh_zz"], "r2_score_6": 0.927336640883444, "features_7": ["cli", "ta", "pa", "rh", "cli_z", "rh_z", "rh_zz"], "r2_score_7": 0.9290562712157507, "features_8": ["cli", "ta", "pa", "rh", "cli_z", "ta_z", "rh_z", "rh_zz"], "r2_score_8": 0.933607919436722, "features_9": ["clw", "cli", "ta", "pa", "rh", "cli_z", "ta_z", "rh_z", "rh_zz"], "r2_score_9": 0.9362764970147246, "features_10": ["clw", "cli", "ta", "pa", "rh", "cli_z", "ta_z", "pa_z", "rh_z", "rh_zz"], "r2_score_10": 0.9391712908196698, "Required time in minutes": 327.8931720336278, "Epochs": 25, "Subset size": 150000}