{"features_1": ["rh"], "r2_score_1": 0.2143866996237066, "features_2": ["ta", "rh"], "r2_score_2": 0.6975259988827784, "features_3": ["ta", "rh", "rh_z"], "r2_score_3": 0.7971903781750267, "features_4": ["ta", "zg", "rh", "rh_z"], "r2_score_4": 0.8311030717610077, "features_5": ["ta", "zg", "rh", "rh_z", "rh_zz"], "r2_score_5": 0.8472461090569182, "features_6": ["ta", "zg", "rh", "ps", "rh_z", "rh_zz"], "r2_score_6": 0.8649147570514809, "features_7": ["cli", "ta", "zg", "rh", "ps", "rh_z", "rh_zz"], "r2_score_7": 0.8748153028448751, "features_8": ["clw", "cli", "ta", "zg", "rh", "ps", "rh_z", "rh_zz"], "r2_score_8": 0.8799292766251126, "features_9": ["clw", "cli", "ta", "zg", "rh", "ps", "hus_zz", "rh_z", "rh_zz"], "r2_score_9": 0.8871539266474627, "features_10": ["clw", "cli", "ta", "zg", "rh", "ps", "hus_zz", "cli_zz", "rh_z", "rh_zz"], "r2_score_10": 0.8881101769965487, "Required time in minutes": 331.9774614771207, "Epochs": 25, "Subset size": 150000}