{"features_1": ["rh"], "r2_score_1": 0.21740451489569312, "features_2": ["ta", "rh"], "r2_score_2": 0.7191290518780988, "features_3": ["ta", "rh", "rh_z"], "r2_score_3": 0.8191286616008305, "features_4": ["ta", "rh", "pa_z", "rh_z"], "r2_score_4": 0.8406492836494094, "features_5": ["ta", "rh", "pa_z", "rh_z", "rh_zz"], "r2_score_5": 0.8574368035671446, "features_6": ["ta", "rh", "ps", "pa_z", "rh_z", "rh_zz"], "r2_score_6": 0.8742899269038793, "features_7": ["cli", "ta", "rh", "ps", "pa_z", "rh_z", "rh_zz"], "r2_score_7": 0.8829258442202899, "features_8": ["clw", "cli", "ta", "rh", "ps", "pa_z", "rh_z", "rh_zz"], "r2_score_8": 0.8918839252701416, "features_9": ["clw", "cli", "ta", "rh", "ps", "ta_z", "pa_z", "rh_z", "rh_zz"], "r2_score_9": 0.8980480535439991, "features_10": ["clw", "cli", "ta", "U", "rh", "ps", "ta_z", "pa_z", "rh_z", "rh_zz"], "r2_score_10": 0.8986908095973604, "Required time in minutes": 335.0032152970632, "Epochs": 25, "Subset size": 150000}