{"features_1": ["rh"], "r2_score_1": 0.1849323885336086, "features_2": ["ta", "rh"], "r2_score_2": 0.721726594534366, "features_3": ["ta", "rh", "rh_z"], "r2_score_3": 0.8264603331316952, "features_4": ["ta", "rh", "pa_z", "rh_z"], "r2_score_4": 0.8458676397335816, "features_5": ["ta", "rh", "pa_z", "rh_z", "rh_zz"], "r2_score_5": 0.8607248546743984, "features_6": ["ta", "rh", "ps", "pa_z", "rh_z", "rh_zz"], "r2_score_6": 0.8760074236036406, "features_7": ["clw", "ta", "rh", "ps", "pa_z", "rh_z", "rh_zz"], "r2_score_7": 0.8853959317946853, "features_8": ["clw", "cli", "ta", "rh", "ps", "pa_z", "rh_z", "rh_zz"], "r2_score_8": 0.8945354175517227, "features_9": ["hus", "clw", "cli", "ta", "rh", "ps", "pa_z", "rh_z", "rh_zz"], "r2_score_9": 0.8956199345105852, "features_10": ["hus", "clw", "cli", "ta", "rh", "ps", "ta_z", "pa_z", "rh_z", "rh_zz"], "r2_score_10": 0.9004314577071855, "Required time in minutes": 339.2583772023519, "Epochs": 25, "Subset size": 150000}