{"features_1": ["cli"], "r2_score_1": 0.32853476816983596, "features_2": ["clw", "cli"], "r2_score_2": 0.6902745493461917, "features_3": ["clw", "cli", "rh"], "r2_score_3": 0.8272757161913116, "features_4": ["clw", "cli", "rh", "rh_z"], "r2_score_4": 0.8633812299347023, "features_5": ["clw", "cli", "rh", "pa_zz", "rh_z"], "r2_score_5": 0.8947681458988463, "features_6": ["clw", "cli", "ta", "rh", "pa_zz", "rh_z"], "r2_score_6": 0.9149699473494707, "features_7": ["clw", "cli", "ta", "fr_land", "rh", "pa_zz", "rh_z"], "r2_score_7": 0.9237547926399748, "features_8": ["clw", "cli", "ta", "pa", "fr_land", "rh", "pa_zz", "rh_z"], "r2_score_8": 0.927480956122574, "features_9": ["clw", "cli", "ta", "pa", "fr_land", "rh", "ps", "pa_zz", "rh_z"], "r2_score_9": 0.9355122858656802, "features_10": ["clw", "cli", "ta", "pa", "fr_land", "rh", "ps", "clw_z", "pa_zz", "rh_z"], "r2_score_10": 0.9366881131528296, "Required time in minutes": 338.93389831384025, "Epochs": 25, "Subset size": 150000}