{"features_1": ["cli"], "r2_score_1": 0.7253405559615163, "features_2": ["cli", "rh"], "r2_score_2": 0.7987894771804602, "features_3": ["cli", "ta", "rh"], "r2_score_3": 0.8733935271836388, "features_4": ["cli", "ta", "rh", "rh_z"], "r2_score_4": 0.9108271104044865, "features_5": ["cli", "ta", "rh", "rh_z", "rh_zz"], "r2_score_5": 0.9199934574791945, "features_6": ["cli", "ta", "rh", "pa_z", "rh_z", "rh_zz"], "r2_score_6": 0.9245135059870309, "features_7": ["clw", "cli", "ta", "rh", "pa_z", "rh_z", "rh_zz"], "r2_score_7": 0.9261051579027562, "features_8": ["clw", "cli", "ta", "rh", "ta_z", "pa_z", "rh_z", "rh_zz"], "r2_score_8": 0.9311613614622227, "features_9": ["clw", "cli", "ta", "U", "rh", "ta_z", "pa_z", "rh_z", "rh_zz"], "r2_score_9": 0.9339490348559653, "features_10": ["clw", "cli", "ta", "U", "rh", "cli_zz", "ta_z", "pa_z", "rh_z", "rh_zz"], "r2_score_10": 0.9339090335328865, "Required time in minutes": 336.70106992324196, "Epochs": 25, "Subset size": 150000}