{"features_1": ["rh"], "r2_score_1": 0.22128260810922362, "features_2": ["ta", "rh"], "r2_score_2": 0.7134672470311882, "features_3": ["ta", "rh", "rh_z"], "r2_score_3": 0.8210614391487479, "features_4": ["ta", "rh", "pa_z", "rh_z"], "r2_score_4": 0.844180350601007, "features_5": ["ta", "rh", "ps", "pa_z", "rh_z"], "r2_score_5": 0.8601110795236555, "features_6": ["ta", "rh", "ps", "pa_z", "rh_z", "rh_zz"], "r2_score_6": 0.8742060874675195, "features_7": ["clw", "ta", "rh", "ps", "pa_z", "rh_z", "rh_zz"], "r2_score_7": 0.8878766484881098, "features_8": ["clw", "cli", "ta", "rh", "ps", "pa_z", "rh_z", "rh_zz"], "r2_score_8": 0.8937036836164257, "features_9": ["clw", "cli", "ta", "rh", "ps", "cli_z", "pa_z", "rh_z", "rh_zz"], "r2_score_9": 0.8964745890321923, "features_10": ["clw", "cli", "ta", "rh", "ps", "cli_z", "pa_z", "U_zz", "rh_z", "rh_zz"], "r2_score_10": 0.897076089523544, "Required time in minutes": 336.37554032405217, "Epochs": 25, "Subset size": 150000}