{"features_1": ["rh"], "r2_score_1": 0.2193882278025725, "features_2": ["ta", "rh"], "r2_score_2": 0.7156098090377272, "features_3": ["ta", "rh", "rh_z"], "r2_score_3": 0.8189318459549005, "features_4": ["ta", "pa", "rh", "rh_z"], "r2_score_4": 0.8382800080972488, "features_5": ["ta", "pa", "rh", "ps", "rh_z"], "r2_score_5": 0.8568244538982237, "features_6": ["ta", "pa", "rh", "ps", "rh_z", "rh_zz"], "r2_score_6": 0.868408214079647, "features_7": ["clw", "ta", "pa", "rh", "ps", "rh_z", "rh_zz"], "r2_score_7": 0.878941093553579, "features_8": ["clw", "ta", "pa", "rh", "ps", "ta_z", "rh_z", "rh_zz"], "r2_score_8": 0.88380073434873, "features_9": ["clw", "ta", "pa", "rh", "ps", "cli_z", "ta_z", "rh_z", "rh_zz"], "r2_score_9": 0.8877399888480318, "features_10": ["clw", "cli", "ta", "pa", "rh", "ps", "cli_z", "ta_z", "rh_z", "rh_zz"], "r2_score_10": 0.8916372101507624, "Required time in minutes": 337.49603053728737, "Epochs": 25, "Subset size": 150000}