{"features_1": ["rh"], "r2_score_1": 0.5385756552149772, "features_2": ["rh", "rh_z"], "r2_score_2": 0.6921533432152662, "features_3": ["rh", "pa_zz", "rh_z"], "r2_score_3": 0.7563339749377062, "features_4": ["hus", "rh", "pa_zz", "rh_z"], "r2_score_4": 0.8089824703119062, "features_5": ["hus", "rh", "pa_zz", "rh_z", "rh_zz"], "r2_score_5": 0.8285424285519116, "features_6": ["hus", "ta", "rh", "pa_zz", "rh_z", "rh_zz"], "r2_score_6": 0.8478837738182565, "features_7": ["hus", "ta", "rh", "ta_z", "pa_zz", "rh_z", "rh_zz"], "r2_score_7": 0.8502537071281407, "features_8": ["hus", "ta", "rh", "ps", "ta_z", "pa_zz", "rh_z", "rh_zz"], "r2_score_8": 0.8590407967778935, "features_9": ["hus", "clw", "ta", "rh", "ps", "ta_z", "pa_zz", "rh_z", "rh_zz"], "r2_score_9": 0.8706148461692887, "features_10": ["hus", "clw", "ta", "pa", "rh", "ps", "ta_z", "pa_zz", "rh_z", "rh_zz"], "r2_score_10": 0.8772061370726314, "Required time in minutes": 341.92955813805264, "Epochs": 25, "Subset size": 150000}