{"features_1": ["rh"], "r2_score_1": 0.5415775976171991, "features_2": ["rh", "rh_z"], "r2_score_2": 0.7158837670745184, "features_3": ["rh", "pa_zz", "rh_z"], "r2_score_3": 0.7718832733802168, "features_4": ["ta", "rh", "pa_zz", "rh_z"], "r2_score_4": 0.8101664472981857, "features_5": ["ta", "rh", "pa_zz", "rh_z", "rh_zz"], "r2_score_5": 0.8262779563694795, "features_6": ["ta", "pa", "rh", "pa_zz", "rh_z", "rh_zz"], "r2_score_6": 0.8437021574339142, "features_7": ["clw", "ta", "pa", "rh", "pa_zz", "rh_z", "rh_zz"], "r2_score_7": 0.8583913991280671, "features_8": ["clw", "ta", "pa", "rh", "ps", "pa_zz", "rh_z", "rh_zz"], "r2_score_8": 0.8694285920561018, "features_9": ["clw", "cli", "ta", "pa", "rh", "ps", "pa_zz", "rh_z", "rh_zz"], "r2_score_9": 0.8778135050509696, "features_10": ["clw", "cli", "ta", "pa", "U", "rh", "ps", "pa_zz", "rh_z", "rh_zz"], "r2_score_10": 0.8787441467084225, "Required time in minutes": 339.8721790035566, "Epochs": 25, "Subset size": 150000}