{"features_1": ["cli"], "r2_score_1": 0.7237832826280692, "features_2": ["cli", "rh"], "r2_score_2": 0.8001404745035943, "features_3": ["cli", "ta", "rh"], "r2_score_3": 0.8665138797729068, "features_4": ["cli", "ta", "rh", "rh_z"], "r2_score_4": 0.9106209569239568, "features_5": ["cli", "ta", "rh", "cli_z", "rh_z"], "r2_score_5": 0.9174475806751173, "features_6": ["cli", "ta", "zg", "rh", "cli_z", "rh_z"], "r2_score_6": 0.9250964553526951, "features_7": ["cli", "ta", "zg", "rh", "cli_z", "ta_z", "rh_z"], "r2_score_7": 0.9288454466233262, "features_8": ["cli", "ta", "zg", "rh", "cli_z", "ta_z", "rh_z", "rh_zz"], "r2_score_8": 0.9333970294007008, "features_9": ["cli", "ta", "zg", "rh", "ps", "cli_z", "ta_z", "rh_z", "rh_zz"], "r2_score_9": 0.9369559782140953, "features_10": ["clw", "cli", "ta", "zg", "rh", "ps", "cli_z", "ta_z", "rh_z", "rh_zz"], "r2_score_10": 0.9400406407505764, "Required time in minutes": 331.83495957454045, "Epochs": 25, "Subset size": 150000}