{"features_1": ["rh"], "r2_score_1": 0.5565733926389911, "features_2": ["rh", "rh_z"], "r2_score_2": 0.7202910202493369, "features_3": ["rh", "pa_zz", "rh_z"], "r2_score_3": 0.7762073819720374, "features_4": ["hus", "rh", "pa_zz", "rh_z"], "r2_score_4": 0.8097554607946731, "features_5": ["hus", "rh", "pa_zz", "rh_z", "rh_zz"], "r2_score_5": 0.8391609174710382, "features_6": ["hus", "clw", "rh", "pa_zz", "rh_z", "rh_zz"], "r2_score_6": 0.8555574456351455, "features_7": ["hus", "clw", "pa", "rh", "pa_zz", "rh_z", "rh_zz"], "r2_score_7": 0.8648680675432692, "features_8": ["hus", "clw", "pa", "rh", "ps", "pa_zz", "rh_z", "rh_zz"], "r2_score_8": 0.8822067235138772, "features_9": ["hus", "clw", "pa", "rh", "ps", "ta_z", "pa_zz", "rh_z", "rh_zz"], "r2_score_9": 0.8869131820545874, "features_10": ["hus", "clw", "pa", "rh", "ps", "hus_zz", "ta_z", "pa_zz", "rh_z", "rh_zz"], "r2_score_10": 0.8884941769888752, "Required time in minutes": 338.63942803144454, "Epochs": 25, "Subset size": 150000}