{"features_1": ["rh"], "r2_score_1": 0.22133735358565487, "features_2": ["ta", "rh"], "r2_score_2": 0.7143270321494276, "features_3": ["ta", "rh", "rh_z"], "r2_score_3": 0.8165476056475753, "features_4": ["ta", "rh", "rh_z", "rh_zz"], "r2_score_4": 0.8386901359330545, "features_5": ["ta", "rh", "pa_z", "rh_z", "rh_zz"], "r2_score_5": 0.8560123517544997, "features_6": ["ta", "rh", "ps", "pa_z", "rh_z", "rh_zz"], "r2_score_6": 0.8722963672515681, "features_7": ["clw", "ta", "rh", "ps", "pa_z", "rh_z", "rh_zz"], "r2_score_7": 0.8805594802215144, "features_8": ["clw", "cli", "ta", "rh", "ps", "pa_z", "rh_z", "rh_zz"], "r2_score_8": 0.888163522870484, "features_9": ["clw", "cli", "ta", "rh", "ps", "ta_z", "pa_z", "rh_z", "rh_zz"], "r2_score_9": 0.8924109692060469, "features_10": ["clw", "cli", "ta", "rh", "ps", "ta_z", "pa_z", "U_z", "rh_z", "rh_zz"], "r2_score_10": 0.8962785827592663, "Required time in minutes": 335.29606291055677, "Epochs": 25, "Subset size": 150000}