{"features_1": ["cli"], "r2_score_1": 0.329957707581064, "features_2": ["clw", "cli"], "r2_score_2": 0.6928608328680951, "features_3": ["clw", "cli", "rh"], "r2_score_3": 0.8256987904917428, "features_4": ["clw", "cli", "rh", "pa_zz"], "r2_score_4": 0.8610007066558529, "features_5": ["clw", "cli", "rh", "pa_zz", "rh_z"], "r2_score_5": 0.8974037092293692, "features_6": ["clw", "cli", "ta", "rh", "pa_zz", "rh_z"], "r2_score_6": 0.9186123788173798, "features_7": ["clw", "cli", "ta", "rh", "pa_z", "pa_zz", "rh_z"], "r2_score_7": 0.9256700552438833, "features_8": ["clw", "cli", "ta", "rh", "pa_z", "pa_zz", "rh_z", "rh_zz"], "r2_score_8": 0.9325267736733281, "features_9": ["clw", "cli", "ta", "fr_land", "rh", "pa_z", "pa_zz", "rh_z", "rh_zz"], "r2_score_9": 0.9356912248113852, "features_10": ["clw", "cli", "ta", "fr_land", "rh", "ps", "pa_z", "pa_zz", "rh_z", "rh_zz"], "r2_score_10": 0.9388660132391451, "Required time in minutes": 334.6336245536804, "Epochs": 25, "Subset size": 150000}