{"features_1": ["cli"], "r2_score_1": 0.32806809238453283, "features_2": ["clw", "cli"], "r2_score_2": 0.687123382697922, "features_3": ["clw", "cli", "rh"], "r2_score_3": 0.8237902923804248, "features_4": ["clw", "cli", "rh", "pa_zz"], "r2_score_4": 0.8609209286793722, "features_5": ["clw", "cli", "rh", "pa_zz", "rh_z"], "r2_score_5": 0.8986288962260348, "features_6": ["hus", "clw", "cli", "rh", "pa_zz", "rh_z"], "r2_score_6": 0.9182348421563207, "features_7": ["hus", "clw", "cli", "rh", "pa_zz", "rh_z", "rh_zz"], "r2_score_7": 0.9248907742422027, "features_8": ["hus", "clw", "cli", "rh", "pa_z", "pa_zz", "rh_z", "rh_zz"], "r2_score_8": 0.9301055130735354, "features_9": ["hus", "clw", "cli", "rh", "cli_z", "pa_z", "pa_zz", "rh_z", "rh_zz"], "r2_score_9": 0.9345830789351124, "features_10": ["hus", "clw", "cli", "rh", "ps", "cli_z", "pa_z", "pa_zz", "rh_z", "rh_zz"], "r2_score_10": 0.9395260603861577, "Required time in minutes": 334.10450147390367, "Epochs": 25, "Subset size": 150000}