{"features_1": ["cli"], "r2_score_1": 0.7237486006444185, "features_2": ["cli", "rh"], "r2_score_2": 0.8018756944591147, "features_3": ["hus", "cli", "rh"], "r2_score_3": 0.8676632854858843, "features_4": ["hus", "cli", "rh", "rh_z"], "r2_score_4": 0.9059286318555373, "features_5": ["hus", "cli", "rh", "pa_z", "rh_z"], "r2_score_5": 0.913056446338806, "features_6": ["hus", "cli", "rh", "pa_z", "rh_z", "rh_zz"], "r2_score_6": 0.9205228303496902, "features_7": ["hus", "cli", "ta", "rh", "pa_z", "rh_z", "rh_zz"], "r2_score_7": 0.9261459193122478, "features_8": ["hus", "cli", "ta", "rh", "ps", "pa_z", "rh_z", "rh_zz"], "r2_score_8": 0.931051586007958, "features_9": ["hus", "cli", "ta", "rh", "ps", "cli_z", "pa_z", "rh_z", "rh_zz"], "r2_score_9": 0.9338271437959643, "features_10": ["hus", "cli", "ta", "rh", "ps", "cli_z", "ta_z", "pa_z", "rh_z", "rh_zz"], "r2_score_10": 0.9391491732128834, "Required time in minutes": 335.98601904710137, "Epochs": 25, "Subset size": 150000}