{"features_1": ["rh"], "r2_score_1": 0.5182465552291718, "features_2": ["rh", "rh_z"], "r2_score_2": 0.7165453291530024, "features_3": ["rh", "pa_zz", "rh_z"], "r2_score_3": 0.7625964892168275, "features_4": ["ta", "rh", "pa_zz", "rh_z"], "r2_score_4": 0.8083356785536729, "features_5": ["ta", "rh", "clw_z", "pa_zz", "rh_z"], "r2_score_5": 0.8277950110299063, "features_6": ["ta", "zg", "rh", "clw_z", "pa_zz", "rh_z"], "r2_score_6": 0.8421532957211986, "features_7": ["ta", "zg", "rh", "clw_z", "pa_zz", "rh_z", "rh_zz"], "r2_score_7": 0.8525031088167394, "features_8": ["ta", "zg", "rh", "ps", "clw_z", "pa_zz", "rh_z", "rh_zz"], "r2_score_8": 0.8642618783273248, "features_9": ["clw", "ta", "zg", "rh", "ps", "clw_z", "pa_zz", "rh_z", "rh_zz"], "r2_score_9": 0.8766209814871716, "features_10": ["clw", "ta", "pa", "zg", "rh", "ps", "clw_z", "pa_zz", "rh_z", "rh_zz"], "r2_score_10": 0.8786327327997431, "Required time in minutes": 334.99460596640904, "Epochs": 25, "Subset size": 150000}