{"features_1": ["rh"], "r2_score_1": 0.22170405266243598, "features_2": ["ta", "rh"], "r2_score_2": 0.7183260772088492, "features_3": ["ta", "rh", "rh_z"], "r2_score_3": 0.8199798650017747, "features_4": ["ta", "rh", "pa_z", "rh_z"], "r2_score_4": 0.8426775741200085, "features_5": ["ta", "rh", "ps", "pa_z", "rh_z"], "r2_score_5": 0.8592642321799799, "features_6": ["ta", "rh", "ps", "pa_z", "rh_z", "rh_zz"], "r2_score_6": 0.8774739391993791, "features_7": ["cli", "ta", "rh", "ps", "pa_z", "rh_z", "rh_zz"], "r2_score_7": 0.8806941685854012, "features_8": ["clw", "cli", "ta", "rh", "ps", "pa_z", "rh_z", "rh_zz"], "r2_score_8": 0.8902600691578202, "features_9": ["clw", "cli", "ta", "rh", "ps", "cli_zz", "pa_z", "rh_z", "rh_zz"], "r2_score_9": 0.896193333693774, "features_10": ["clw", "cli", "ta", "rh", "ps", "hus_z", "cli_zz", "pa_z", "rh_z", "rh_zz"], "r2_score_10": 0.8950049529894579, "Required time in minutes": 336.7194102605184, "Epochs": 25, "Subset size": 150000}