{"features_1": ["cli"], "r2_score_1": 0.7223527881082316, "features_2": ["cli", "rh"], "r2_score_2": 0.7962781156434736, "features_3": ["cli", "ta", "rh"], "r2_score_3": 0.8673115421145884, "features_4": ["cli", "ta", "rh", "rh_z"], "r2_score_4": 0.9083590687783665, "features_5": ["cli", "ta", "rh", "rh_z", "rh_zz"], "r2_score_5": 0.9173890949024415, "features_6": ["cli", "ta", "zg", "rh", "rh_z", "rh_zz"], "r2_score_6": 0.9259550656693036, "features_7": ["cli", "ta", "zg", "rh", "ps", "rh_z", "rh_zz"], "r2_score_7": 0.9306687980341333, "features_8": ["clw", "cli", "ta", "zg", "rh", "ps", "rh_z", "rh_zz"], "r2_score_8": 0.9314626924880033, "features_9": ["clw", "cli", "ta", "zg", "rh", "ps", "ta_z", "rh_z", "rh_zz"], "r2_score_9": 0.9368785122337928, "features_10": ["clw", "cli", "ta", "zg", "rh", "ps", "cli_z", "ta_z", "rh_z", "rh_zz"], "r2_score_10": 0.9385841977172303, "Required time in minutes": 330.8773354411125, "Epochs": 25, "Subset size": 150000}