{"features_1": ["rh"], "r2_score_1": 0.22100334065574823, "features_2": ["ta", "rh"], "r2_score_2": 0.7126485552454753, "features_3": ["ta", "rh", "rh_z"], "r2_score_3": 0.8176185393796134, "features_4": ["ta", "rh", "pa_z", "rh_z"], "r2_score_4": 0.8419588109175432, "features_5": ["ta", "rh", "ps", "pa_z", "rh_z"], "r2_score_5": 0.8615984945987762, "features_6": ["ta", "rh", "ps", "hus_zz", "pa_z", "rh_z"], "r2_score_6": 0.8735888244585361, "features_7": ["clw", "ta", "rh", "ps", "hus_zz", "pa_z", "rh_z"], "r2_score_7": 0.883614071856659, "features_8": ["clw", "ta", "rh", "ps", "hus_zz", "pa_z", "rh_z", "rh_zz"], "r2_score_8": 0.8895144751657204, "features_9": ["clw", "cli", "ta", "rh", "ps", "hus_zz", "pa_z", "rh_z", "rh_zz"], "r2_score_9": 0.8937397041238692, "features_10": ["clw", "cli", "ta", "rh", "ps", "hus_zz", "ta_z", "pa_z", "rh_z", "rh_zz"], "r2_score_10": 0.8989063448216391, "Required time in minutes": 333.8476701259613, "Epochs": 25, "Subset size": 150000}