{"features_1": ["rh"], "r2_score_1": 0.21431237760238142, "features_2": ["ta", "rh"], "r2_score_2": 0.7175105635243997, "features_3": ["ta", "rh", "rh_z"], "r2_score_3": 0.8163230897819245, "features_4": ["ta", "pa", "rh", "rh_z"], "r2_score_4": 0.8400414100120414, "features_5": ["ta", "pa", "rh", "ps", "rh_z"], "r2_score_5": 0.8605455441502711, "features_6": ["ta", "pa", "rh", "ps", "rh_z", "rh_zz"], "r2_score_6": 0.8741821742844371, "features_7": ["clw", "ta", "pa", "rh", "ps", "rh_z", "rh_zz"], "r2_score_7": 0.8870930488344955, "features_8": ["clw", "ta", "pa", "U", "rh", "ps", "rh_z", "rh_zz"], "r2_score_8": 0.8897544272328511, "features_9": ["clw", "cli", "ta", "pa", "U", "rh", "ps", "rh_z", "rh_zz"], "r2_score_9": 0.8886560927912727, "features_10": ["clw", "cli", "ta", "pa", "U", "rh", "ps", "ta_z", "rh_z", "rh_zz"], "r2_score_10": 0.898275785029813, "Required time in minutes": 331.86737054983774, "Epochs": 25, "Subset size": 150000}