{"features_1": ["cli"], "r2_score_1": 0.3280939969847162, "features_2": ["clw", "cli"], "r2_score_2": 0.6851262218783822, "features_3": ["clw", "cli", "rh"], "r2_score_3": 0.8172504248537764, "features_4": ["clw", "cli", "zg", "rh"], "r2_score_4": 0.8547986261788425, "features_5": ["clw", "cli", "zg", "rh", "rh_z"], "r2_score_5": 0.8797520833182171, "features_6": ["hus", "clw", "cli", "zg", "rh", "rh_z"], "r2_score_6": 0.900123488390789, "features_7": ["hus", "clw", "cli", "zg", "rh", "pa_zz", "rh_z"], "r2_score_7": 0.9146279933561237, "features_8": ["hus", "clw", "cli", "zg", "rh", "hus_zz", "pa_zz", "rh_z"], "r2_score_8": 0.9270031367844905, "features_9": ["hus", "clw", "cli", "ta", "zg", "rh", "hus_zz", "pa_zz", "rh_z"], "r2_score_9": 0.9293861782034369, "features_10": ["hus", "clw", "cli", "ta", "zg", "rh", "hus_zz", "ta_zz", "pa_zz", "rh_z"], "r2_score_10": 0.9307473946525607, "Required time in minutes": 340.5216919700305, "Epochs": 25, "Subset size": 150000}