{"features_1": ["cli"], "r2_score_1": 0.32717100753041517, "features_2": ["clw", "cli"], "r2_score_2": 0.6718510620701132, "features_3": ["clw", "cli", "rh"], "r2_score_3": 0.8168837216801332, "features_4": ["clw", "cli", "rh", "rh_z"], "r2_score_4": 0.8591713428734503, "features_5": ["clw", "cli", "ta", "rh", "rh_z"], "r2_score_5": 0.8912348767053767, "features_6": ["clw", "cli", "ta", "rh", "pa_zz", "rh_z"], "r2_score_6": 0.9146596078223795, "features_7": ["clw", "cli", "ta", "fr_land", "rh", "pa_zz", "rh_z"], "r2_score_7": 0.9237842518494733, "features_8": ["clw", "cli", "ta", "fr_land", "rh", "pa_z", "pa_zz", "rh_z"], "r2_score_8": 0.9265388590659274, "features_9": ["clw", "cli", "ta", "fr_land", "rh", "cli_z", "pa_z", "pa_zz", "rh_z"], "r2_score_9": 0.9333041255217626, "features_10": ["clw", "cli", "ta", "fr_land", "rh", "cli_z", "ta_zz", "pa_z", "pa_zz", "rh_z"], "r2_score_10": 0.9332418641215404, "Required time in minutes": 338.35070275068284, "Epochs": 25, "Subset size": 150000}