{"features_1": ["cli"], "r2_score_1": 0.7120196330482136, "features_2": ["cli", "rh"], "r2_score_2": 0.8009837105825905, "features_3": ["cli", "ta", "rh"], "r2_score_3": 0.8722417475500029, "features_4": ["cli", "ta", "rh", "rh_z"], "r2_score_4": 0.909759810089073, "features_5": ["cli", "ta", "rh", "ta_z", "rh_z"], "r2_score_5": 0.9192831187749747, "features_6": ["cli", "ta", "rh", "ta_z", "pa_z", "rh_z"], "r2_score_6": 0.9240556144377011, "features_7": ["cli", "ta", "rh", "cli_zz", "ta_z", "pa_z", "rh_z"], "r2_score_7": 0.9265979857174864, "features_8": ["cli", "ta", "rh", "ps", "cli_zz", "ta_z", "pa_z", "rh_z"], "r2_score_8": 0.9287386744582087, "features_9": ["cli", "ta", "rh", "ps", "cli_zz", "ta_z", "pa_z", "rh_z", "rh_zz"], "r2_score_9": 0.9304444323124679, "features_10": ["cli", "ta", "rh", "ps", "hus_zz", "cli_zz", "ta_z", "pa_z", "rh_z", "rh_zz"], "r2_score_10": 0.9349622665154015, "Required time in minutes": 338.34904598792394, "Epochs": 25, "Subset size": 150000}