{"features_1": ["rh"], "r2_score_1": 0.2116732965285837, "features_2": ["ta", "rh"], "r2_score_2": 0.7138575813462844, "features_3": ["ta", "rh", "rh_z"], "r2_score_3": 0.8165218395023996, "features_4": ["ta", "rh", "pa_z", "rh_z"], "r2_score_4": 0.8402256982985737, "features_5": ["ta", "rh", "pa_z", "rh_z", "rh_zz"], "r2_score_5": 0.8575905136900358, "features_6": ["ta", "rh", "ps", "pa_z", "rh_z", "rh_zz"], "r2_score_6": 0.8708694092030069, "features_7": ["cli", "ta", "rh", "ps", "pa_z", "rh_z", "rh_zz"], "r2_score_7": 0.8861719189584244, "features_8": ["cli", "ta", "rh", "ps", "ta_z", "pa_z", "rh_z", "rh_zz"], "r2_score_8": 0.8926709475034774, "features_9": ["clw", "cli", "ta", "rh", "ps", "ta_z", "pa_z", "rh_z", "rh_zz"], "r2_score_9": 0.8975819259757567, "features_10": ["clw", "cli", "ta", "rh", "ps", "ta_z", "pa_z", "pa_zz", "rh_z", "rh_zz"], "r2_score_10": 0.9030534528803835, "Required time in minutes": 330.16989349921545, "Epochs": 25, "Subset size": 150000}