{"features_1": ["cli"], "r2_score_1": 0.3267922392135283, "features_2": ["clw", "cli"], "r2_score_2": 0.6889668348695818, "features_3": ["clw", "cli", "rh"], "r2_score_3": 0.8129877751275958, "features_4": ["clw", "cli", "zg", "rh"], "r2_score_4": 0.8565677650737689, "features_5": ["clw", "cli", "zg", "rh", "rh_z"], "r2_score_5": 0.8844396370318968, "features_6": ["clw", "cli", "zg", "rh", "pa_zz", "rh_z"], "r2_score_6": 0.9069613235604121, "features_7": ["hus", "clw", "cli", "zg", "rh", "pa_zz", "rh_z"], "r2_score_7": 0.9219166900347416, "features_8": ["hus", "clw", "cli", "zg", "fr_land", "rh", "pa_zz", "rh_z"], "r2_score_8": 0.9260209313205977, "features_9": ["hus", "clw", "cli", "zg", "fr_land", "rh", "pa_zz", "rh_z", "rh_zz"], "r2_score_9": 0.9325654340734892, "features_10": ["hus", "clw", "cli", "zg", "fr_land", "rh", "pa_zz", "U_zz", "rh_z", "rh_zz"], "r2_score_10": 0.9354348508663147, "Required time in minutes": 334.5283963998159, "Epochs": 25, "Subset size": 150000}