{"features_1": ["cli"], "r2_score_1": 0.32810198369187193, "features_2": ["clw", "cli"], "r2_score_2": 0.6858890491046341, "features_3": ["clw", "cli", "rh"], "r2_score_3": 0.8206290249830728, "features_4": ["clw", "cli", "rh", "rh_z"], "r2_score_4": 0.8585822821825532, "features_5": ["clw", "cli", "rh", "pa_zz", "rh_z"], "r2_score_5": 0.9015363196142708, "features_6": ["clw", "cli", "ta", "rh", "pa_zz", "rh_z"], "r2_score_6": 0.9160737234190768, "features_7": ["clw", "cli", "ta", "rh", "pa_z", "pa_zz", "rh_z"], "r2_score_7": 0.9264604302007893, "features_8": ["clw", "cli", "ta", "rh", "pa_z", "pa_zz", "rh_z", "rh_zz"], "r2_score_8": 0.9327846689613705, "features_9": ["clw", "cli", "ta", "rh", "ps", "pa_z", "pa_zz", "rh_z", "rh_zz"], "r2_score_9": 0.9381164823799247, "features_10": ["clw", "cli", "ta", "fr_land", "rh", "ps", "pa_z", "pa_zz", "rh_z", "rh_zz"], "r2_score_10": 0.940781117725118, "Required time in minutes": 340.2977330803871, "Epochs": 25, "Subset size": 150000}