{"Number of variables 1": {"rh": 16.482304349765002, "Bias": 67.86706319299792, "R2 score on training data (regime)": 0.26063922241713466, "R2 score on validation data (regime)": 0.26041218338174077, "MSE on training data (regime)": 769.9398259732008, "MSE on validation data (regime)": 760.2457177226688}, "Number of variables 2": {"ta": -22.61225563654944, "rh": 32.42425678301627, "Bias": 67.87572516157374, "R2 score on training data (regime)": 0.531047796371019, "R2 score on validation data (regime)": 0.5304261218056896, "MSE on training data (regime)": 488.3474874502382, "MSE on validation data (regime)": 482.6898470069214}, "Number of variables 3": {"ta": -23.790155903584807, "rh": 34.085699104768494, "rh_z": -5.1619712637154445, "Bias": 67.8745452485595, "R2 score on training data (regime)": 0.562477925788736, "R2 score on validation data (regime)": 0.5619098229361339, "MSE on training data (regime)": 455.6174467070639, "MSE on validation data (regime)": 450.3267544509567}, "Number of variables 4": {"ta": -24.284478998992093, "rh": 34.70390607042427, "pa_zz": 4.753255390449282, "rh_z": -6.5174502497725975, "Bias": 67.87570557736011, "R2 score on training data (regime)": 0.5789765801059439, "R2 score on validation data (regime)": 0.5778345302065577, "MSE on training data (regime)": 438.4364284289346, "MSE on validation data (regime)": 433.957243979997}, "Number of variables 5": {"cli": 4.882032741710427, "ta": -21.614524584829994, "rh": 33.27857985656135, "pa_zz": 4.637787109929131, "rh_z": -6.405717810754662, "Bias": 67.87533184958232, "R2 score on training data (regime)": 0.5989487387953971, "R2 score on validation data (regime)": 0.5978441929083085, "MSE on training data (regime)": 417.63824592872305, "MSE on validation data (regime)": 413.38867857063343}, "Number of variables 6": {"clw": 4.319970865179166, "cli": 5.396601973481051, "ta": -21.492580134999724, "rh": 31.355636871993866, "pa_zz": 4.177289017542836, "rh_z": -5.331776543869017, "Bias": 67.87771946092934, "R2 score on training data (regime)": 0.6133251648868681, "R2 score on validation data (regime)": 0.6122473831933565, "MSE on training data (regime)": 402.6672286140494, "MSE on validation data (regime)": 398.58318355069}, "Number of variables 7": {"clw": 4.210702344291311, "cli": 5.201483882150908, "ta": -19.810766009997625, "U": 3.5757581026731557, "rh": 31.11445431859601, "pa_zz": 4.034796452910239, "rh_z": -5.304633198816011, "Bias": 67.87957217402757, "R2 score on training data (regime)": 0.6227413143417619, "R2 score on validation data (regime)": 0.6215019191808104, "MSE on training data (regime)": 392.86163884995597, "MSE on validation data (regime)": 389.07015318988334}, "Number of variables 8": {"clw": 4.825460500006779, "cli": 5.236119488827473, "ta": -19.995757650263947, "U": 3.532992539769597, "rh": 31.12954921439057, "clw_zz": 1.6669094027612323, "pa_zz": 4.131522816079747, "rh_z": -5.538261582394331, "Bias": 67.87926529848748, "R2 score on training data (regime)": 0.6250634074698954, "R2 score on validation data (regime)": 0.6238838050934155, "MSE on training data (regime)": 390.44350681864427, "MSE on validation data (regime)": 386.62173729595776}, "Number of variables 9": {"clw": 5.050102994526835, "cli": 5.252602163405374, "ta": -21.876070773486642, "U": 3.572366586848211, "rh": 31.54536777983525, "hus_z": -2.5792888447661038, "clw_zz": 1.8157231311953175, "pa_zz": 3.672948075188508, "rh_z": -4.30371585022804, "Bias": 67.88086396620388, "R2 score on training data (regime)": 0.6292829703154033, "R2 score on validation data (regime)": 0.6277517616277923, "MSE on training data (regime)": 386.0494280664897, "MSE on validation data (regime)": 382.6457423897095}, "Number of variables 10": {"clw": 5.547994003487251, "cli": 5.81106838812157, "ta": -25.35582722922551, "zg": -4.405643205371927, "U": 3.6239980164981156, "rh": 30.303243607382647, "hus_z": -3.567819969238268, "clw_zz": 1.905166837580321, "pa_zz": 3.5079243843217456, "rh_z": -3.523876501160279, "Bias": 67.88243300280621, "R2 score on training data (regime)": 0.6324565917817528, "R2 score on validation data (regime)": 0.6309208299801448, "MSE on training data (regime)": 382.74454953683016, "MSE on validation data (regime)": 379.3881567590231}}