{"Number of variables 1": {"rh": 16.45639708132913, "Bias": 67.91693696624354, "R2 score on training data (regime)": 0.2602077815423488, "R2 score on validation data (regime)": 0.2602726646148783, "MSE on training data (regime)": 769.2616319684436, "MSE on validation data (regime)": 760.4689575699316}, "Number of variables 2": {"ta": -22.59135194041886, "rh": 32.38794995784007, "Bias": 67.91604942451171, "R2 score on training data (regime)": 0.53022104591753, "R2 score on validation data (regime)": 0.530585999423477, "MSE on training data (regime)": 488.4924656754772, "MSE on validation data (regime)": 482.5761582831181}, "Number of variables 3": {"ta": -23.754618531478787, "rh": 34.02662920566854, "rh_z": -5.06887087069208, "Bias": 67.90704314901298, "R2 score on training data (regime)": 0.561390012389701, "R2 score on validation data (regime)": 0.5616308680606781, "MSE on training data (regime)": 456.08189225103615, "MSE on validation data (regime)": 450.66080547526695}, "Number of variables 4": {"ta": -24.264492310001003, "rh": 34.66271063716502, "pa_zz": 4.704678763183665, "rh_z": -6.453988588868813, "Bias": 67.91063689417905, "R2 score on training data (regime)": 0.5780685803253021, "R2 score on validation data (regime)": 0.5784506993684254, "MSE on training data (regime)": 438.73893828514286, "MSE on validation data (regime)": 433.369353653434}, "Number of variables 5": {"cli": 4.857710781105528, "ta": -21.60990925400055, "rh": 33.24397021012822, "pa_zz": 4.590868014233386, "rh_z": -6.345634092327049, "Bias": 67.91113572909691, "R2 score on training data (regime)": 0.5978296332872126, "R2 score on validation data (regime)": 0.5982750030316752, "MSE on training data (regime)": 418.1907093748867, "MSE on validation data (regime)": 412.9891854209156}, "Number of variables 6": {"clw": 4.31711999466193, "cli": 5.371785576262339, "ta": -21.486727392208785, "rh": 31.318591892919688, "pa_zz": 4.137131601729197, "rh_z": -5.280461509349369, "Bias": 67.91164254781597, "R2 score on training data (regime)": 0.6122567672961252, "R2 score on validation data (regime)": 0.6126550622107263, "MSE on training data (regime)": 403.18887456853844, "MSE on validation data (regime)": 398.2059158422762}, "Number of variables 7": {"clw": 4.20309077856454, "cli": 5.172803339697718, "ta": -19.820609119249827, "U": 3.5570154820502093, "rh": 31.08590520623961, "pa_zz": 3.998607098600328, "rh_z": -5.257353527254464, "Bias": 67.91083051281254, "R2 score on training data (regime)": 0.6216592456083562, "R2 score on validation data (regime)": 0.621897333082585, "MSE on training data (regime)": 393.411851195551, "MSE on validation data (regime)": 388.7044958469719}, "Number of variables 8": {"clw": 4.828842212743905, "cli": 5.207935562816531, "ta": -20.011670524718838, "U": 3.5138422358142067, "rh": 31.10336272147128, "clw_zz": 1.6951356835986897, "pa_zz": 4.092820395137713, "rh_z": -5.497286861960274, "Bias": 67.90979584350497, "R2 score on training data (regime)": 0.6240193064866402, "R2 score on validation data (regime)": 0.6242586116050538, "MSE on training data (regime)": 390.9577779605572, "MSE on validation data (regime)": 386.2770081354637}, "Number of variables 9": {"clw": 5.06271701045148, "cli": 5.224202667203352, "ta": -21.962645900370074, "U": 3.5554020643013144, "rh": 31.538774590422694, "hus_z": -2.669030330960593, "clw_zz": 1.8514989254773662, "pa_zz": 3.6186383906104105, "rh_z": -4.22179643763548, "Bias": 67.91025269103518, "R2 score on training data (regime)": 0.6284085635766711, "R2 score on validation data (regime)": 0.6282854909073201, "MSE on training data (regime)": 386.3936760573962, "MSE on validation data (regime)": 382.13721694651156}, "Number of variables 10": {"clw": 5.575313116014965, "cli": 5.796438841372127, "ta": -25.54258445603655, "zg": -4.5335599690517965, "U": 3.6077210787513483, "rh": 30.258414764446965, "hus_z": -3.6806069081248967, "clw_zz": 1.9453995123203869, "pa_zz": 3.4504158146831596, "rh_z": -3.4208359608096797, "Bias": 67.9128753401229, "R2 score on training data (regime)": 0.6317971469576238, "R2 score on validation data (regime)": 0.631474307072701, "MSE on training data (regime)": 382.8701094171207, "MSE on validation data (regime)": 378.85898780832935}}