{"Number of variables 1": {"rh": 16.45605391806148, "Bias": 67.88418142397563, "R2 score on training data (regime)": 0.26021878207425675, "R2 score on validation data (regime)": 0.25935869588190974, "MSE on training data (regime)": 770.15749082825, "MSE on validation data (regime)": 761.6090836552557}, "Number of variables 2": {"ta": -22.562881743272502, "rh": 32.36130708332197, "Bias": 67.89595972946553, "R2 score on training data (regime)": 0.5301182526636965, "R2 score on validation data (regime)": 0.5305667501848592, "MSE on training data (regime)": 489.1756356415713, "MSE on validation data (regime)": 482.723047230989}, "Number of variables 3": {"ta": -23.757387195633456, "rh": 34.04680227104809, "rh_z": -5.205939358449411, "Bias": 67.8935173754536, "R2 score on training data (regime)": 0.5618600097884483, "R2 score on validation data (regime)": 0.5617123569377886, "MSE on training data (regime)": 456.1305252368727, "MSE on validation data (regime)": 450.6956989220382}, "Number of variables 4": {"cli": 5.007370776234691, "ta": -21.03462728364081, "rh": 32.60220574122237, "rh_z": -5.124748819273104, "Bias": 67.8944600545443, "R2 score on training data (regime)": 0.5824667733807151, "R2 score on validation data (regime)": 0.5822944534112906, "MSE on training data (regime)": 434.6776240848134, "MSE on validation data (regime)": 429.53091706646336}, "Number of variables 5": {"cli": 4.887128928720229, "ta": -21.577928308066113, "rh": 33.22410648887006, "pa_zz": 4.659195088983528, "rh_z": -6.391778868121841, "Bias": 67.89021579126867, "R2 score on training data (regime)": 0.5976840419388005, "R2 score on validation data (regime)": 0.5981127532419296, "MSE on training data (regime)": 418.8355168699055, "MSE on validation data (regime)": 413.2647963788759}, "Number of variables 6": {"clw": 4.324133686320573, "cli": 5.404512757363919, "ta": -21.452461773767045, "rh": 31.29270225190492, "pa_zz": 4.202374759866973, "rh_z": -5.316935430049953, "Bias": 67.88826553688698, "R2 score on training data (regime)": 0.6121577110534133, "R2 score on validation data (regime)": 0.6125778451214146, "MSE on training data (regime)": 403.76754215213236, "MSE on validation data (regime)": 398.39019336920205}, "Number of variables 7": {"clw": 4.214266057792596, "cli": 5.206499234305488, "ta": -19.797526340642655, "U": 3.5363688122563097, "rh": 31.0566089713999, "pa_zz": 4.059748178153319, "rh_z": -5.2916472683733, "Bias": 67.88577241445255, "R2 score on training data (regime)": 0.6214281166722477, "R2 score on validation data (regime)": 0.6219553342398861, "MSE on training data (regime)": 394.11648295062895, "MSE on validation data (regime)": 388.7472246948983}, "Number of variables 8": {"clw": 4.847489896894277, "cli": 5.242337260829088, "ta": -19.98963756972686, "U": 3.4925642956888736, "rh": 31.075825181609407, "clw_zz": 1.719314109681474, "pa_zz": 4.161549155069324, "rh_z": -5.545893512908554, "Bias": 67.88634415066292, "R2 score on training data (regime)": 0.6237404199632146, "R2 score on validation data (regime)": 0.6243598048030479, "MSE on training data (regime)": 391.70923381067615, "MSE on validation data (regime)": 386.2746828421776}, "Number of variables 9": {"clw": 5.073778700815336, "cli": 5.259138777690408, "ta": -21.879638263154348, "U": 3.5350368249653648, "rh": 31.492384588555407, "hus_z": -2.5933787149588703, "clw_zz": 1.8645587328405666, "pa_zz": 3.700987257699308, "rh_z": -4.299436428444522, "Bias": 67.8846019076035, "R2 score on training data (regime)": 0.6279812114773471, "R2 score on validation data (regime)": 0.6282889275376622, "MSE on training data (regime)": 387.29431048941683, "MSE on validation data (regime)": 382.23432545346583}, "Number of variables 10": {"clw": 5.575110422057929, "cli": 5.822047885418765, "ta": -25.390725775233943, "zg": -4.446980233620782, "U": 3.587695534264238, "rh": 30.238318246704935, "hus_z": -3.5891315030847504, "clw_zz": 1.9529951346454992, "pa_zz": 3.5430352721994613, "rh_z": -3.5117528865085115, "Bias": 67.88413699352456, "R2 score on training data (regime)": 0.6312161423885597, "R2 score on validation data (regime)": 0.6314263544573417, "MSE on training data (regime)": 383.92654957144185, "MSE on validation data (regime)": 379.00807702788313}}