{"Number of variables 1": {"rh": 16.480780079045402, "Bias": 67.85596928588063, "R2 score on training data (regime)": 0.26067785959577583, "R2 score on validation data (regime)": 0.259469155448218, "MSE on training data (regime)": 770.2587829617564, "MSE on validation data (regime)": 760.9000530153681}, "Number of variables 2": {"ta": -22.598663090115984, "rh": 32.4165900298379, "Bias": 67.86159192137025, "R2 score on training data (regime)": 0.5306752709953293, "R2 score on validation data (regime)": 0.5311961806827936, "MSE on training data (regime)": 488.9634366682742, "MSE on validation data (regime)": 481.69884292689454}, "Number of variables 3": {"ta": -23.78093882121529, "rh": 34.08384665150967, "rh_z": -5.194108635781381, "Bias": 67.86666326825343, "R2 score on training data (regime)": 0.5620713343208856, "R2 score on validation data (regime)": 0.5623342249462974, "MSE on training data (regime)": 456.2536174902483, "MSE on validation data (regime)": 449.70430859357396}, "Number of variables 4": {"cli": 4.998992288712305, "ta": -21.059294250516054, "rh": 32.63665145065607, "rh_z": -5.111753339999192, "Bias": 67.86889107245945, "R2 score on training data (regime)": 0.5826201733888269, "R2 score on validation data (regime)": 0.5827385704262698, "MSE on training data (regime)": 434.8449203787355, "MSE on validation data (regime)": 428.7387165838961}, "Number of variables 5": {"cli": 4.8779003710701145, "ta": -21.594933241964593, "rh": 33.254494365132835, "pa_zz": 4.645404061307646, "rh_z": -6.37689947521344, "Bias": 67.87037908923456, "R2 score on training data (regime)": 0.5980611059429466, "R2 score on validation data (regime)": 0.5982792216482284, "MSE on training data (regime)": 418.75786810889804, "MSE on validation data (regime)": 412.7706007036738}, "Number of variables 6": {"clw": 4.324357759201223, "cli": 5.395960155254244, "ta": -21.47103986278449, "rh": 31.326057006327737, "pa_zz": 4.19017870504631, "rh_z": -5.305797314453503, "Bias": 67.86838517767211, "R2 score on training data (regime)": 0.6125116997953758, "R2 score on validation data (regime)": 0.6126571234733733, "MSE on training data (regime)": 403.70259487203674, "MSE on validation data (regime)": 397.997217067474}, "Number of variables 7": {"clw": 4.212727733429154, "cli": 5.201515800610304, "ta": -19.791606711749726, "U": 3.5913613440310987, "rh": 31.08861717708739, "pa_zz": 4.044484733399189, "rh_z": -5.279454869498765, "Bias": 67.87130052625177, "R2 score on training data (regime)": 0.6220408451204545, "R2 score on validation data (regime)": 0.6220308069281555, "MSE on training data (regime)": 393.7747062296815, "MSE on validation data (regime)": 388.3656989610134}, "Number of variables 8": {"clw": 4.801628180105243, "cli": 5.235093464667138, "ta": -19.968465612958536, "U": 3.549868143863466, "rh": 31.102368721429897, "clw_zz": 1.5996134412634306, "pa_zz": 4.136609895674399, "rh_z": -5.508488228326015, "Bias": 67.87114929976697, "R2 score on training data (regime)": 0.6242869214013236, "R2 score on validation data (regime)": 0.6242906675238147, "MSE on training data (regime)": 391.4346437751802, "MSE on validation data (regime)": 386.04367813001727}, "Number of variables 9": {"clw": 5.027510863937887, "cli": 5.251153054465194, "ta": -21.858585626902155, "U": 3.5906159268017204, "rh": 31.5222721422784, "hus_z": -2.5897671054280944, "clw_zz": 1.7501748622901374, "pa_zz": 3.6791362356170234, "rh_z": -4.271512811415324, "Bias": 67.87114159773738, "R2 score on training data (regime)": 0.6284757601655142, "R2 score on validation data (regime)": 0.6282209839734039, "MSE on training data (regime)": 387.07052470962043, "MSE on validation data (regime)": 382.0052535095415}, "Number of variables 10": {"clw": 5.530344615441689, "cli": 5.816465847961679, "ta": -25.38286238707871, "zg": -4.463100192443164, "U": 3.6419590731542795, "rh": 30.264909626177626, "hus_z": -3.5885307259116788, "clw_zz": 1.8405219816996419, "pa_zz": 3.5232195832721986, "rh_z": -3.48773230828148, "Bias": 67.86985112359883, "R2 score on training data (regime)": 0.6317406968772508, "R2 score on validation data (regime)": 0.6315205458520408, "MSE on training data (regime)": 383.66896801248924, "MSE on validation data (regime)": 378.61493313753607}}