{"Number of variables 1": {"rh": 16.464343343484398, "Bias": 67.90465704779974, "R2 score on training data (regime)": 0.26024669309664916, "R2 score on validation data (regime)": 0.25965336717295506, "MSE on training data (regime)": 771.3727038660977, "MSE on validation data (regime)": 760.4631486165475}, "Number of variables 2": {"ta": -22.540810969262193, "rh": 32.34527733856546, "Bias": 67.91152146930854, "R2 score on training data (regime)": 0.5292065742243933, "R2 score on validation data (regime)": 0.5301583034988945, "MSE on training data (regime)": 490.9166264130798, "MSE on validation data (regime)": 482.6081189944988}, "Number of variables 3": {"ta": -23.725582023371278, "rh": 34.01440789932725, "rh_z": -5.1533479776257805, "Bias": 67.9074800384272, "R2 score on training data (regime)": 0.5610211495697601, "R2 score on validation data (regime)": 0.5614931735381063, "MSE on training data (regime)": 457.74219545414735, "MSE on validation data (regime)": 450.4218256084975}, "Number of variables 4": {"ta": -24.228380189608473, "rh": 34.639164107354006, "pa_zz": 4.7384497136106525, "rh_z": -6.5202773992920475, "Bias": 67.91000608653235, "R2 score on training data (regime)": 0.5777336050579954, "R2 score on validation data (regime)": 0.5779527223990122, "MSE on training data (regime)": 440.3153967390911, "MSE on validation data (regime)": 433.5150419526091}, "Number of variables 5": {"cli": 4.86608925599359, "ta": -21.55862285486849, "rh": 33.210907866191846, "pa_zz": 4.622090168347517, "rh_z": -6.40684013118196, "Bias": 67.90474026340173, "R2 score on training data (regime)": 0.5977034495547189, "R2 score on validation data (regime)": 0.5976705731844308, "MSE on training data (regime)": 419.49197790274155, "MSE on validation data (regime)": 413.2614225973446}, "Number of variables 6": {"clw": 4.305228983345502, "cli": 5.377707023522489, "ta": -21.43705247451641, "rh": 31.291663229330666, "pa_zz": 4.170927166121858, "rh_z": -5.343839906559796, "Bias": 67.9016390696787, "R2 score on training data (regime)": 0.6120638158788606, "R2 score on validation data (regime)": 0.6121580223607881, "MSE on training data (regime)": 404.5178040848095, "MSE on validation data (regime)": 398.38032403138595}, "Number of variables 7": {"clw": 4.193932404528087, "cli": 5.188206825781867, "ta": -19.76408117542268, "U": 3.5543464610783246, "rh": 31.05302308370336, "pa_zz": 4.030556824436236, "rh_z": -5.315570693407281, "Bias": 67.89980152593525, "R2 score on training data (regime)": 0.6214413664984366, "R2 score on validation data (regime)": 0.6215389964158187, "MSE on training data (regime)": 394.73942728059654, "MSE on validation data (regime)": 388.74445246709234}, "Number of variables 8": {"clw": 4.8286517121467565, "cli": 5.223361099013681, "ta": -19.96090513274337, "U": 3.509715359143801, "rh": 31.07461245379624, "clw_zz": 1.742026489687333, "pa_zz": 4.13176040936636, "rh_z": -5.567521956914421, "Bias": 67.89773475116938, "R2 score on training data (regime)": 0.623860829987437, "R2 score on validation data (regime)": 0.6239593980238025, "MSE on training data (regime)": 392.21654826674256, "MSE on validation data (regime)": 386.25828430462576}, "Number of variables 9": {"clw": 5.055942118444576, "cli": 5.239150266284414, "ta": -21.859568229316007, "U": 3.549647443816471, "rh": 31.49733964080493, "hus_z": -2.600310020661641, "clw_zz": 1.8915573594840072, "pa_zz": 3.6690060164790506, "rh_z": -4.324419736690612, "Bias": 67.8977282274907, "R2 score on training data (regime)": 0.6281086002648508, "R2 score on validation data (regime)": 0.6278598759276364, "MSE on training data (regime)": 387.7872148474615, "MSE on validation data (regime)": 382.2518235788811}, "Number of variables 10": {"clw": 5.555505626853552, "cli": 5.802007884107495, "ta": -25.374048454805283, "zg": -4.4593086859495825, "U": 3.60379028393477, "rh": 30.23989151563005, "hus_z": -3.589450730256338, "clw_zz": 1.9799252410319028, "pa_zz": 3.5069838202902117, "rh_z": -3.5421845424410225, "Bias": 67.89665044985396, "R2 score on training data (regime)": 0.6313623618435282, "R2 score on validation data (regime)": 0.6308654962843587, "MSE on training data (regime)": 384.3943772038063, "MSE on validation data (regime)": 379.1645352484254}}