{"Number of variables 1": {"rh": 16.46306477987409, "Bias": 67.89025670037671, "R2 score on training data (regime)": 0.2600489469071129, "R2 score on validation data (regime)": 0.2597787923648591, "MSE on training data (regime)": 770.5907352976899, "MSE on validation data (regime)": 762.9061142318725}, "Number of variables 2": {"ta": -22.592869648725934, "rh": 32.41789123413592, "Bias": 67.86086101024979, "R2 score on training data (regime)": 0.530179024237157, "R2 score on validation data (regime)": 0.530244902547505, "MSE on training data (regime)": 489.27518875484316, "MSE on validation data (regime)": 484.1512676771949}, "Number of variables 3": {"ta": -23.74785095219824, "rh": 34.04895591647756, "rh_z": -5.085535081872543, "Bias": 67.86221310933237, "R2 score on training data (regime)": 0.5613080122869697, "R2 score on validation data (regime)": 0.5615936504865464, "MSE on training data (regime)": 456.85722044448937, "MSE on validation data (regime)": 451.8418023045181}, "Number of variables 4": {"cli": 4.993527390603373, "ta": -21.030985763555968, "rh": 32.60613546337746, "rh_z": -5.006569037361912, "Bias": 67.86469120188342, "R2 score on training data (regime)": 0.5820632552031062, "R2 score on validation data (regime)": 0.5821217685542028, "MSE on training data (regime)": 435.2425503481688, "MSE on validation data (regime)": 430.6845771048745}, "Number of variables 5": {"cli": 4.871916487197618, "ta": -21.58136019706748, "rh": 33.2512203882078, "pa_zz": 4.549333796411875, "rh_z": -6.361162349869985, "Bias": 67.86752126042293, "R2 score on training data (regime)": 0.5978091789379956, "R2 score on validation data (regime)": 0.5981560499294699, "MSE on training data (regime)": 418.84462389331367, "MSE on validation data (regime)": 414.1589072479052}, "Number of variables 6": {"clw": 4.3118506148130225, "cli": 5.380243885350792, "ta": -21.46545313681011, "rh": 31.336916851627535, "pa_zz": 4.1027696348057345, "rh_z": -5.302851112115949, "Bias": 67.87113166073027, "R2 score on training data (regime)": 0.6121333044398876, "R2 score on validation data (regime)": 0.612575997197365, "MSE on training data (regime)": 403.92736908725317, "MSE on validation data (regime)": 399.2970445721186}, "Number of variables 7": {"clw": 4.196203526298572, "cli": 5.190562881219262, "ta": -19.796629270373423, "U": 3.562428107421595, "rh": 31.106829235993807, "pa_zz": 3.967238140483618, "rh_z": -5.2788339773124235, "Bias": 67.87413014565905, "R2 score on training data (regime)": 0.6215208171793378, "R2 score on validation data (regime)": 0.6219491908751758, "MSE on training data (regime)": 394.1511408971956, "MSE on validation data (regime)": 389.636598893283}, "Number of variables 8": {"clw": 4.78421071943866, "cli": 5.223496058347992, "ta": -19.972183188219613, "U": 3.5217113564101306, "rh": 31.120317368276172, "clw_zz": 1.5859786168173535, "pa_zz": 4.053242243413217, "rh_z": -5.503508207679967, "Bias": 67.87551838382159, "R2 score on training data (regime)": 0.6237809645152455, "R2 score on validation data (regime)": 0.6241958328280448, "MSE on training data (regime)": 391.7974060248979, "MSE on validation data (regime)": 387.321106085654}, "Number of variables 9": {"clw": 5.008627901336255, "cli": 5.239790989029208, "ta": -21.86564194311467, "U": 3.561505452383248, "rh": 31.540515833358935, "hus_z": -2.599061428109889, "clw_zz": 1.7306885377797294, "pa_zz": 3.5914282652352334, "rh_z": -4.260087594449029, "Bias": 67.87679613775258, "R2 score on training data (regime)": 0.6280040034212852, "R2 score on validation data (regime)": 0.6281425336051389, "MSE on training data (regime)": 387.3995007280629, "MSE on validation data (regime)": 383.2534542501869}, "Number of variables 10": {"clw": 5.509145141800966, "cli": 5.793445229247145, "ta": -25.35939589553212, "zg": -4.422952165811028, "U": 3.614196679818661, "rh": 30.29247739071634, "hus_z": -3.589821691983356, "clw_zz": 1.8190335133088287, "pa_zz": 3.4228949164440805, "rh_z": -3.4817284065096383, "Bias": 67.87571576796147, "R2 score on training data (regime)": 0.6312362368423513, "R2 score on validation data (regime)": 0.6312816776874011, "MSE on training data (regime)": 384.03342790718875, "MSE on validation data (regime)": 380.01810758744574}}