{"Number of variables 1": {"rh": 16.46403055828821, "Bias": 67.87978257613969, "R2 score on training data (regime)": 0.25992442355843437, "R2 score on validation data (regime)": 0.2594467977504845, "MSE on training data (regime)": 771.1297511086498, "MSE on validation data (regime)": 760.7465657462556}, "Number of variables 2": {"ta": -22.605608632240873, "rh": 32.4205255086757, "Bias": 67.8733020532229, "R2 score on training data (regime)": 0.5306226626939029, "R2 score on validation data (regime)": 0.5305110575752237, "MSE on training data (regime)": 489.07279312367643, "MSE on validation data (regime)": 482.29094077315324}, "Number of variables 3": {"ta": -23.78024011957154, "rh": 34.07739695345966, "rh_z": -5.160407653996158, "Bias": 67.87367831996178, "R2 score on training data (regime)": 0.5620617002505517, "R2 score on validation data (regime)": 0.5622030806489546, "MSE on training data (regime)": 456.3145479148261, "MSE on validation data (regime)": 449.7347413783546}, "Number of variables 4": {"cli": 5.018444192182388, "ta": -21.050517867105235, "rh": 32.62948087380272, "rh_z": -5.078884851975078, "Bias": 67.87544835956776, "R2 score on training data (regime)": 0.5828682056187193, "R2 score on validation data (regime)": 0.5826358955364707, "MSE on training data (regime)": 434.6349846151679, "MSE on validation data (regime)": 428.74476563185925}, "Number of variables 5": {"cli": 4.895490806258187, "ta": -21.594994657048737, "rh": 33.255931307878356, "pa_zz": 4.613187208131573, "rh_z": -6.360900869496256, "Bias": 67.87548311469622, "R2 score on training data (regime)": 0.5981312385423518, "R2 score on validation data (regime)": 0.5983071215263414, "MSE on training data (regime)": 418.7315023841297, "MSE on validation data (regime)": 412.64621752402087}, "Number of variables 6": {"clw": 4.308751632879164, "cli": 5.409109257947002, "ta": -21.47225263083127, "rh": 31.33318056696092, "pa_zz": 4.1585723762648215, "rh_z": -5.292034921683358, "Bias": 67.87568262483558, "R2 score on training data (regime)": 0.6124642867233298, "R2 score on validation data (regime)": 0.612690935689732, "MSE on training data (regime)": 403.7970278138849, "MSE on validation data (regime)": 397.87018631668445}, "Number of variables 7": {"clw": 4.196460424896562, "cli": 5.215489809795332, "ta": -19.795840443275452, "U": 3.5839507249306313, "rh": 31.100221339303506, "pa_zz": 4.013617622050557, "rh_z": -5.269686462465163, "Bias": 67.87743193284666, "R2 score on training data (regime)": 0.6219550165415373, "R2 score on validation data (regime)": 0.621978453413748, "MSE on training data (regime)": 393.9080592334825, "MSE on validation data (regime)": 388.329417076351}, "Number of variables 8": {"clw": 4.807214652091837, "cli": 5.249470814890657, "ta": -19.979008210239936, "U": 3.5422196192098223, "rh": 31.11561197051296, "clw_zz": 1.649804970563706, "pa_zz": 4.110347475882279, "rh_z": -5.508379244956856, "Bias": 67.87891516660919, "R2 score on training data (regime)": 0.6242398183004773, "R2 score on validation data (regime)": 0.6243912843435422, "MSE on training data (regime)": 391.52738532964224, "MSE on validation data (regime)": 385.8507932070711}, "Number of variables 9": {"clw": 5.032654539466326, "cli": 5.26507853397831, "ta": -21.865857002286255, "U": 3.5840315764001156, "rh": 31.53441120978697, "hus_z": -2.5887073248761503, "clw_zz": 1.79677353380085, "pa_zz": 3.652773810012012, "rh_z": -4.269543491153092, "Bias": 67.87928471126877, "R2 score on training data (regime)": 0.6284353505258938, "R2 score on validation data (regime)": 0.6283219379397875, "MSE on training data (regime)": 387.15580515088567, "MSE on validation data (regime)": 381.8129587673595}, "Number of variables 10": {"clw": 5.537395686351636, "cli": 5.8304052445961805, "ta": -25.392161574165634, "zg": -4.468376555271878, "U": 3.6358229522640837, "rh": 30.272087992683215, "hus_z": -3.585157946027147, "clw_zz": 1.8865682148302592, "pa_zz": 3.495569481942747, "rh_z": -3.4821334080661375, "Bias": 67.87852863468235, "R2 score on training data (regime)": 0.6316650272187871, "R2 score on validation data (regime)": 0.6315456804635221, "MSE on training data (regime)": 383.79060859038424, "MSE on validation data (regime)": 378.5013114119343}}