{"Number of variables 1": {"rh": 16.44857768316421, "Bias": 67.91704504724765, "R2 score on training data (regime)": 0.2604145771646649, "R2 score on validation data (regime)": 0.25959436249542744, "MSE on training data (regime)": 769.9971718110671, "MSE on validation data (regime)": 762.4664175375686}, "Number of variables 2": {"ta": -22.557795832234135, "rh": 32.346612009212116, "Bias": 67.90988431840786, "R2 score on training data (regime)": 0.5301093152657776, "R2 score on validation data (regime)": 0.5306474493133531, "MSE on training data (regime)": 489.2125873961054, "MSE on validation data (regime)": 483.33715973625027}, "Number of variables 3": {"ta": -23.71574249299701, "rh": 33.97515651587251, "rh_z": -5.065114721724723, "Bias": 67.90276206991845, "R2 score on training data (regime)": 0.5611977995114713, "R2 score on validation data (regime)": 0.5615623490136652, "MSE on training data (regime)": 456.84574483002814, "MSE on validation data (regime)": 451.50113414563646}, "Number of variables 4": {"cli": 5.025134562498448, "ta": -20.984255926898243, "rh": 32.525155777775666, "rh_z": -4.98725053022235, "Bias": 67.9038454840712, "R2 score on training data (regime)": 0.5820187019176736, "R2 score on validation data (regime)": 0.582179458119241, "MSE on training data (regime)": 435.16868701854736, "MSE on validation data (regime)": 430.269727301287}, "Number of variables 5": {"cli": 4.9001642665246505, "ta": -21.54144256297733, "rh": 33.17666931419828, "pa_zz": 4.5449925234256545, "rh_z": -6.329835250730498, "Bias": 67.90965078522478, "R2 score on training data (regime)": 0.5978397983018235, "R2 score on validation data (regime)": 0.5979085164965352, "MSE on training data (regime)": 418.69702722833256, "MSE on validation data (regime)": 414.0720132582186}, "Number of variables 6": {"clw": 4.32990429644397, "cli": 5.416727591847197, "ta": -21.423317694736944, "rh": 31.251780078008615, "pa_zz": 4.096461991293329, "rh_z": -5.262900222125144, "Bias": 67.90711585414903, "R2 score on training data (regime)": 0.6123214991074257, "R2 score on validation data (regime)": 0.6123701818477396, "MSE on training data (regime)": 403.61983895631556, "MSE on validation data (regime)": 399.1794548909927}, "Number of variables 7": {"clw": 4.215185796059832, "cli": 5.22200203531905, "ta": -19.75129339424614, "U": 3.5802428998218336, "rh": 31.019616940410888, "pa_zz": 3.9583812282463424, "rh_z": -5.23956935794305, "Bias": 67.9081994128826, "R2 score on training data (regime)": 0.6218109565279261, "R2 score on validation data (regime)": 0.6218054423394802, "MSE on training data (regime)": 393.74017509301945, "MSE on validation data (regime)": 389.4630657912044}, "Number of variables 8": {"clw": 4.804097001112431, "cli": 5.255594801950313, "ta": -19.927637429329945, "U": 3.539581255684853, "rh": 31.031803166995015, "clw_zz": 1.5906423674868395, "pa_zz": 4.046752066373552, "rh_z": -5.465709293059871, "Bias": 67.90744957701958, "R2 score on training data (regime)": 0.624069748261856, "R2 score on validation data (regime)": 0.6240886511010229, "MSE on training data (regime)": 391.3885018540196, "MSE on validation data (regime)": 387.1118276094273}, "Number of variables 9": {"clw": 5.022786623615478, "cli": 5.271401103908451, "ta": -21.796412079269825, "U": 3.5792826384972516, "rh": 31.447634468391886, "hus_z": -2.561089211593022, "clw_zz": 1.73078590729794, "pa_zz": 3.5956066698189115, "rh_z": -4.240490101462444, "Bias": 67.90670796252265, "R2 score on training data (regime)": 0.6282096723754411, "R2 score on validation data (regime)": 0.6279829769130566, "MSE on training data (regime)": 387.0783440810983, "MSE on validation data (regime)": 383.1014682871603}, "Number of variables 10": {"clw": 5.519250299185827, "cli": 5.829360669102168, "ta": -25.269285375358493, "zg": -4.400733174008894, "U": 3.632405594275116, "rh": 30.20757942492032, "hus_z": -3.5433666836338973, "clw_zz": 1.8159341226758232, "pa_zz": 3.432548176514482, "rh_z": -3.463712920361428, "Bias": 67.9051038669997, "R2 score on training data (regime)": 0.6314047410251153, "R2 score on validation data (regime)": 0.6312362124470565, "MSE on training data (regime)": 383.7518942241503, "MSE on validation data (regime)": 379.75130086896644}}