{"Number of variables 1": {"rh": 16.455672490572248, "Bias": 67.91523717466099, "R2 score on training data (regime)": 0.2601405500058537, "R2 score on validation data (regime)": 0.2594669799113487, "MSE on training data (regime)": 769.0625839585881, "MSE on validation data (regime)": 761.3358328711148}, "Number of variables 2": {"ta": -22.592437945924356, "rh": 32.37894918669159, "Bias": 67.91394462979284, "R2 score on training data (regime)": 0.5310962814790472, "R2 score on validation data (regime)": 0.5310023225624578, "MSE on training data (regime)": 487.41190694579575, "MSE on validation data (regime)": 482.1726076762713}, "Number of variables 3": {"ta": -23.764178600290883, "rh": 34.03299161914891, "rh_z": -5.152915840375972, "Bias": 67.91736627695846, "R2 score on training data (regime)": 0.5626519512641989, "R2 score on validation data (regime)": 0.5618670406630691, "MSE on training data (regime)": 454.6106972786019, "MSE on validation data (regime)": 450.4408479518393}, "Number of variables 4": {"cli": 4.95866437832912, "ta": -21.066627486272104, "rh": 32.60203596558192, "rh_z": -5.073159494564731, "Bias": 67.91693412568212, "R2 score on training data (regime)": 0.5831282122976618, "R2 score on validation data (regime)": 0.5822829623448271, "MSE on training data (regime)": 433.3262138266029, "MSE on validation data (regime)": 429.4514088373594}, "Number of variables 5": {"cli": 4.8396503273522615, "ta": -21.60965989003525, "rh": 33.228855446506266, "pa_zz": 4.62411740068518, "rh_z": -6.365802236010617, "Bias": 67.91323465212696, "R2 score on training data (regime)": 0.5985190245148632, "R2 score on validation data (regime)": 0.5980823487853449, "MSE on training data (regime)": 417.32790791447866, "MSE on validation data (regime)": 413.20819117084096}, "Number of variables 6": {"clw": 4.308086748117134, "cli": 5.3474948016632, "ta": -21.493439812053563, "rh": 31.315467479349405, "pa_zz": 4.17136969127345, "rh_z": -5.304059340428454, "Bias": 67.91663292986765, "R2 score on training data (regime)": 0.6128279123985214, "R2 score on validation data (regime)": 0.6125869095377355, "MSE on training data (regime)": 402.454231178354, "MSE on validation data (regime)": 398.2961730146094}, "Number of variables 7": {"clw": 4.19420619471165, "cli": 5.152793922460958, "ta": -19.81724109943389, "U": 3.584693748829471, "rh": 31.08274748817364, "pa_zz": 4.028930397880067, "rh_z": -5.280793276353143, "Bias": 67.91666928412667, "R2 score on training data (regime)": 0.622315083402768, "R2 score on validation data (regime)": 0.6219124699194885, "MSE on training data (regime)": 392.5925902314949, "MSE on validation data (regime)": 388.70864202324077}, "Number of variables 8": {"clw": 4.793420497357036, "cli": 5.186668391938139, "ta": -19.995631113018135, "U": 3.5430450797055926, "rh": 31.094677273104097, "clw_zz": 1.6145706219185125, "pa_zz": 4.119694983721101, "rh_z": -5.507560291547522, "Bias": 67.91697236774743, "R2 score on training data (regime)": 0.6245722515399637, "R2 score on validation data (regime)": 0.6242314217885356, "MSE on training data (regime)": 390.2463289787199, "MSE on validation data (regime)": 386.32454691240065}, "Number of variables 9": {"clw": 5.019673280969352, "cli": 5.202482928204339, "ta": -21.889253883854025, "U": 3.583809367920368, "rh": 31.51592451926196, "hus_z": -2.59365639124491, "clw_zz": 1.7623582994048317, "pa_zz": 3.659823204748058, "rh_z": -4.26679630232692, "Bias": 67.917737999117, "R2 score on training data (regime)": 0.6287930876722134, "R2 score on validation data (regime)": 0.6281473600350791, "MSE on training data (regime)": 385.85889141559977, "MSE on validation data (regime)": 382.29860340207995}, "Number of variables 10": {"clw": 5.5283082670301305, "cli": 5.769281569667955, "ta": -25.433786987349883, "zg": -4.493858542549258, "U": 3.636441667193302, "rh": 30.245930380723095, "hus_z": -3.597391115215489, "clw_zz": 1.853660780911723, "pa_zz": 3.496235110307682, "rh_z": -3.475099946794831, "Bias": 67.91581851470595, "R2 score on training data (regime)": 0.6320991968820904, "R2 score on validation data (regime)": 0.6312637334737725, "MSE on training data (regime)": 382.4222861362897, "MSE on validation data (regime)": 379.0946858141769}}