{"Number of variables 1": {"rh": 16.46847594194963, "Bias": 67.90903969759208, "R2 score on training data (regime)": 0.2603093375637202, "R2 score on validation data (regime)": 0.2589990364422694, "MSE on training data (regime)": 769.7433947201334, "MSE on validation data (regime)": 761.3804800483903}, "Number of variables 2": {"ta": -22.60798921302606, "rh": 32.44595338483234, "Bias": 67.89173435584597, "R2 score on training data (regime)": 0.5306054928325241, "R2 score on validation data (regime)": 0.5305818676540166, "MSE on training data (regime)": 488.4654352943141, "MSE on validation data (regime)": 482.3283916298963}, "Number of variables 3": {"ta": -23.78099309863552, "rh": 34.09943492237634, "rh_z": -5.142169439251433, "Bias": 67.89203495552763, "R2 score on training data (regime)": 0.5620881616240156, "R2 score on validation data (regime)": 0.5617684462254302, "MSE on training data (regime)": 455.7036639470925, "MSE on validation data (regime)": 450.2840983947503}, "Number of variables 4": {"cli": 4.99620434911552, "ta": -21.059964078232, "rh": 32.650967869977514, "rh_z": -5.059837454870613, "Bias": 67.89458353856604, "R2 score on training data (regime)": 0.5828129287247239, "R2 score on validation data (regime)": 0.5820778432615481, "MSE on training data (regime)": 434.1368747566752, "MSE on validation data (regime)": 429.41613839830137}, "Number of variables 5": {"cli": 4.874751977102371, "ta": -21.606456820956282, "rh": 33.286500686614716, "pa_zz": 4.630575736298628, "rh_z": -6.374140841868752, "Bias": 67.89344425126174, "R2 score on training data (regime)": 0.5984153160095007, "R2 score on validation data (regime)": 0.5978124180453606, "MSE on training data (regime)": 417.90058144621725, "MSE on validation data (regime)": 413.2488205519959}, "Number of variables 6": {"clw": 4.321449367463456, "cli": 5.3885133214281025, "ta": -21.484543797513332, "rh": 31.362092180480666, "pa_zz": 4.177454868425541, "rh_z": -5.313531888520721, "Bias": 67.8956607120622, "R2 score on training data (regime)": 0.6127804538484884, "R2 score on validation data (regime)": 0.6122847529496916, "MSE on training data (regime)": 402.95180552225787, "MSE on validation data (regime)": 398.37845757166195}, "Number of variables 7": {"clw": 4.208028936963584, "cli": 5.191229230538311, "ta": -19.8234558314685, "U": 3.5430564856507303, "rh": 31.12367000544082, "pa_zz": 4.039802905245933, "rh_z": -5.291108488832206, "Bias": 67.8939963695753, "R2 score on training data (regime)": 0.6221432603628713, "R2 score on validation data (regime)": 0.6215852123438523, "MSE on training data (regime)": 393.208599562686, "MSE on validation data (regime)": 388.8222105673422}, "Number of variables 8": {"clw": 4.805606204556181, "cli": 5.224791220939588, "ta": -20.004747070593048, "U": 3.5009848455111183, "rh": 31.140564016135418, "clw_zz": 1.6416149358275671, "pa_zz": 4.139312370255903, "rh_z": -5.531269088608522, "Bias": 67.89376626482071, "R2 score on training data (regime)": 0.6243605208091717, "R2 score on validation data (regime)": 0.6238794701733833, "MSE on training data (regime)": 390.9012545202427, "MSE on validation data (regime)": 386.46485448616215}, "Number of variables 9": {"clw": 5.032310336209965, "cli": 5.240849679629079, "ta": -21.893651422378937, "U": 3.541062508780862, "rh": 31.562959141293238, "hus_z": -2.5869605416899777, "clw_zz": 1.7899440157358915, "pa_zz": 3.678137812438821, "rh_z": -4.290166854595517, "Bias": 67.89380023795131, "R2 score on training data (regime)": 0.6285632258870563, "R2 score on validation data (regime)": 0.6277960666767188, "MSE on training data (regime)": 386.5277986447779, "MSE on validation data (regime)": 382.4405410607814}, "Number of variables 10": {"clw": 5.529653417562084, "cli": 5.797578804888799, "ta": -25.365258965560265, "zg": -4.405647597990734, "U": 3.592325143136544, "rh": 30.317598229121476, "hus_z": -3.56354214504251, "clw_zz": 1.8775143537269539, "pa_zz": 3.516432942395729, "rh_z": -3.5166416060554853, "Bias": 67.89489214492622, "R2 score on training data (regime)": 0.6317481139902319, "R2 score on validation data (regime)": 0.6309643241242757, "MSE on training data (regime)": 383.21351241022194, "MSE on validation data (regime)": 379.1851480249128}}