{"Number of variables 1": {"rh": 16.46403055828821, "Bias": 67.87978257613969, "R2 score on training data (regime)": 0.25992442355843437, "R2 score on validation data (regime)": 0.2594467977504845, "MSE on training data (regime)": 771.1297511086498, "MSE on validation data (regime)": 760.7465657462556}, "Number of variables 2": {"ta": -22.605608632240873, "rh": 32.4205255086757, "Bias": 67.8733020532229, "R2 score on training data (regime)": 0.5306226626939029, "R2 score on validation data (regime)": 0.5305110575752237, "MSE on training data (regime)": 489.07279312367643, "MSE on validation data (regime)": 482.29094077315324}, "Number of variables 3": {"ta": -20.390828794558022, "rh": 29.979445146763663, "clw cli": -12.160726430885928, "Bias": 65.92912480490531, "R2 score on training data (regime)": 0.5820882163061274, "R2 score on validation data (regime)": 0.5819043981745182, "MSE on training data (regime)": 435.44770291534275, "MSE on validation data (regime)": 429.49620942315926}, "Number of variables 4": {"ta": -24.727383780244235, "rh": 27.99920042243506, "clw cli": -11.054951133620962, "ta^2 rh": 2.832986920157701, "Bias": 68.09025143280833, "R2 score on training data (regime)": 0.5982395715309283, "R2 score on validation data (regime)": 0.5980414087603876, "MSE on training data (regime)": 418.6186236550146, "MSE on validation data (regime)": 412.919175730886}, "Number of variables 5": {"ta": -29.755890086059683, "rh": 35.28830920812674, "clw cli": -10.14073552203567, "rh^2": 5.773721084537142, "ta^2 rh": 4.441608328456091, "Bias": 63.59770888688888, "R2 score on training data (regime)": 0.6251418362990273, "R2 score on validation data (regime)": 0.6238356710839561, "MSE on training data (regime)": 390.5875179203409, "MSE on validation data (regime)": 386.4215568980919}, "Number of variables 6": {"ta": -31.496729617931663, "rh": 37.7042163879842, "rh_z": -4.963966581142511, "clw cli": -8.930088066494246, "rh^2": 6.2424231102325045, "ta^2 rh": 4.569277052702333, "Bias": 63.413015372989726, "R2 score on training data (regime)": 0.6528237921115276, "R2 score on validation data (regime)": 0.6517769308120707, "MSE on training data (regime)": 361.7440046692594, "MSE on validation data (regime)": 357.7183964550351}, "Number of variables 7": {"ta": -34.77405860669153, "rh": 39.9151332796442, "rh_z": -6.034530962503775, "clw cli": -7.541492247223856, "ta^2": 9.221108735139444, "rh^2": 8.173529172135249, "ta^2 rh": 9.574917045175244, "Bias": 55.98835452490381, "R2 score on training data (regime)": 0.6899674402034546, "R2 score on validation data (regime)": 0.6884732162931202, "MSE on training data (regime)": 323.0417788153618, "MSE on validation data (regime)": 320.0214787041526}, "Number of variables 8": {"ta": -35.816056034576484, "rh": 41.14903769591146, "rh_z": -7.4328055301045035, "clw cli": -6.746767581716727, "ta^2": 9.568090394658627, "rh^2": 8.521290117052917, "ta^2 rh": 9.888092487298032, "pa_zz pa^2": 6.086150841352591, "Bias": 55.752729426548456, "R2 score on training data (regime)": 0.7071985098148642, "R2 score on validation data (regime)": 0.7059257673890585, "MSE on training data (regime)": 305.08767947233173, "MSE on validation data (regime)": 302.09303241641015}, "Number of variables 9": {"ta": -35.888365706389685, "rh": 42.08845077388319, "rh_z": -7.533986193146203, "clw cli": -9.352223701410876, "clw rh": -3.371732855168377, "ta^2": 9.7539596354314, "rh^2": 9.56361726871435, "ta^2 rh": 9.858260431572234, "pa_zz pa^2": 6.209568186118687, "Bias": 55.42766505242202, "R2 score on training data (regime)": 0.7121276716461324, "R2 score on validation data (regime)": 0.7107897185173486, "MSE on training data (regime)": 299.95168599123866, "MSE on validation data (regime)": 297.0964513395012}, "Number of variables 10": {"ta": -33.30040606148182, "rh": 40.45395363280449, "rh_z": -6.670509289946123, "clw cli": -7.1405168263084935, "clw ta": 10.352924241821047, "clw rh": -8.604509429426663, "ta^2": 8.31045175015277, "rh^2": 9.674902869047463, "ta^2 rh": 9.564152078844174, "pa_zz pa^2": 5.938488100243885, "Bias": 55.57809359335853, "R2 score on training data (regime)": 0.7212334681021147, "R2 score on validation data (regime)": 0.719942493242713, "MSE on training data (regime)": 290.4638028908265, "MSE on validation data (regime)": 287.6940992624062}}