{"Number of variables 1": {"rh": 16.46306477987409, "Bias": 67.89025670037671, "R2 score on training data (regime)": 0.2600489469071129, "R2 score on validation data (regime)": 0.2597787923648591, "MSE on training data (regime)": 770.5907352976899, "MSE on validation data (regime)": 762.9061142318725}, "Number of variables 2": {"ta": -22.592869648725934, "rh": 32.41789123413592, "Bias": 67.86086101024979, "R2 score on training data (regime)": 0.530179024237157, "R2 score on validation data (regime)": 0.530244902547505, "MSE on training data (regime)": 489.27518875484316, "MSE on validation data (regime)": 484.1512676771949}, "Number of variables 3": {"ta": -20.38856567117609, "rh": 29.992988291291123, "clw cli": -12.098960661850821, "Bias": 65.93436085677622, "R2 score on training data (regime)": 0.5814283482388187, "R2 score on validation data (regime)": 0.5817626541422158, "MSE on training data (regime)": 435.9037473589857, "MSE on validation data (regime)": 431.0546969795657}, "Number of variables 4": {"ta": -24.71740450165636, "rh": 28.010313443684346, "clw cli": -10.99431125940573, "ta^2 rh": 2.825582713842234, "Bias": 68.09210200065898, "R2 score on training data (regime)": 0.5975902733460916, "R2 score on validation data (regime)": 0.5979763229781772, "MSE on training data (regime)": 419.0725938655448, "MSE on validation data (regime)": 414.34414213258447}, "Number of variables 5": {"ta": -29.759111323802102, "rh": 35.31031797246721, "clw cli": -10.086113564560216, "rh^2": 5.779334420164279, "ta^2 rh": 4.439095744307071, "Bias": 63.591271637242585, "R2 score on training data (regime)": 0.6244681415805138, "R2 score on validation data (regime)": 0.6242097881048309, "MSE on training data (regime)": 391.08177452766387, "MSE on validation data (regime)": 387.3067231338066}, "Number of variables 6": {"ta": -32.1530997337673, "rh": 36.725162038855395, "clw cli": -9.158940887652312, "ta^2": 7.596200162036563, "rh^2": 7.295854916593818, "ta^2 rh": 8.535369424659986, "Bias": 57.502318927652055, "R2 score on training data (regime)": 0.64956463245523, "R2 score on validation data (regime)": 0.6483463804141747, "MSE on training data (regime)": 364.9460953152285, "MSE on validation data (regime)": 362.43043796447284}, "Number of variables 7": {"ta": -34.75662350766515, "rh": 39.93701981128416, "rh_z": -5.974827468568326, "clw cli": -7.532101342500224, "ta^2": 9.219826316530881, "rh^2": 8.19083926890679, "ta^2 rh": 9.565460591925174, "Bias": 55.9677002798752, "R2 score on training data (regime)": 0.6894260991936713, "R2 score on validation data (regime)": 0.6883092187322057, "MSE on training data (regime)": 323.4340563288283, "MSE on validation data (regime)": 321.2428937811761}, "Number of variables 8": {"ta": -35.80107060270253, "rh": 41.18254760133258, "rh_z": -7.393825225804631, "clw cli": -6.737769252135829, "ta^2": 9.555837789369345, "rh^2": 8.540957755127046, "ta^2 rh": 9.872388768023583, "pa_zz pa^2": 6.1613812721013215, "Bias": 55.73784388452731, "R2 score on training data (regime)": 0.707070237886458, "R2 score on validation data (regime)": 0.7062308403581874, "MSE on training data (regime)": 305.05931417238713, "MSE on validation data (regime)": 302.77204402115285}, "Number of variables 9": {"ta": -36.526480836208286, "rh": 41.6719961921027, "rh_z": -6.735610095758755, "clw cli": -6.971385181505086, "ta^2": 9.64268953706592, "rh^2": 8.316477294273287, "rh rh_z": 2.5468050375866578, "ta^2 rh": 9.880946659609755, "pa_zz pa^2": 5.333291391675871, "Bias": 55.419344083481754, "R2 score on training data (regime)": 0.7120460420569361, "R2 score on validation data (regime)": 0.710850347538792, "MSE on training data (regime)": 299.87747332169954, "MSE on validation data (regime)": 298.0109668776318}, "Number of variables 10": {"ta": -37.05047769830071, "rh": 42.724949293825546, "rh_z": -5.098703600050647, "clw cli": -6.4459240504737965, "ta^2": 10.173989103867497, "ta rh_z": -4.685722181948796, "rh^2": 8.573951891864503, "rh rh_z": 3.3037029446657873, "ta^2 rh": 10.111469043062002, "pa_zz pa^2": 5.031165884591604, "Bias": 54.74381215933183, "R2 score on training data (regime)": 0.7197222354693338, "R2 score on validation data (regime)": 0.7191038950214445, "MSE on training data (regime)": 291.88342628139577, "MSE on validation data (regime)": 289.50448020355327}}