{"Number of variables 1": {"rh": 16.480780079045402, "Bias": 67.85596928588063, "R2 score on training data (regime)": 0.26067785959577583, "R2 score on validation data (regime)": 0.259469155448218, "MSE on training data (regime)": 770.2587829617564, "MSE on validation data (regime)": 760.9000530153681}, "Number of variables 2": {"ta": -22.598663090115984, "rh": 32.4165900298379, "Bias": 67.86159192137025, "R2 score on training data (regime)": 0.5306752709953293, "R2 score on validation data (regime)": 0.5311961806827936, "MSE on training data (regime)": 488.9634366682742, "MSE on validation data (regime)": 481.69884292689454}, "Number of variables 3": {"ta": -20.373509607014288, "rh": 29.961363821329986, "clw cli": -12.203247589787132, "Bias": 65.90995758623149, "R2 score on training data (regime)": 0.5821938617791539, "R2 score on validation data (regime)": 0.5823836882993042, "MSE on training data (regime)": 435.28907082910564, "MSE on validation data (regime)": 429.1033601787023}, "Number of variables 4": {"ta": -22.223256687659372, "rh": 31.831158465012972, "clw cli": -12.247754228205043, "rh rh_z": 4.393121149065071, "Bias": 65.197884874395, "R2 score on training data (regime)": 0.6015855759061283, "R2 score on validation data (regime)": 0.6010727253859285, "MSE on training data (regime)": 415.08591809406244, "MSE on validation data (regime)": 409.90025822198936}, "Number of variables 5": {"ta": -22.9914912446016, "rh": 33.13907586392738, "clw cli": -11.2712478528419, "ta rh_z": -5.2090334753101954, "rh rh_z": 4.891283513160532, "Bias": 65.2681238600601, "R2 score on training data (regime)": 0.6166055404925033, "R2 score on validation data (regime)": 0.6167591417416085, "MSE on training data (regime)": 399.437449030084, "MSE on validation data (regime)": 393.78236775939513}, "Number of variables 6": {"ta": -25.19252867886807, "rh": 38.64450221157925, "hus rh": 8.232890133900609, "clw cli": -10.273953194797423, "ta rh_z": -7.149203051773849, "rh rh_z": 5.5374938542791305, "Bias": 60.69748238362297, "R2 score on training data (regime)": 0.6424171228344708, "R2 score on validation data (regime)": 0.642424383485889, "MSE on training data (regime)": 372.54579123369916, "MSE on validation data (regime)": 367.41117208597876}, "Number of variables 7": {"ta": -35.650588778330565, "rh": 44.78947406413889, "hus rh": 22.920698814101613, "clw cli": -7.855485784111563, "ta rh": -13.038854113776544, "ta rh_z": -7.020039405281416, "rh rh_z": 4.8584394193521, "Bias": 62.145453225850794, "R2 score on training data (regime)": 0.679300584898025, "R2 score on validation data (regime)": 0.6793538649964808, "MSE on training data (regime)": 334.11895528779297, "MSE on validation data (regime)": 329.465899926185}, "Number of variables 8": {"ta": -37.71594514444915, "rh": 48.88684293279216, "hus rh": 21.71093943738613, "clw cli": -7.6218687297862715, "ta rh": -14.625598373238635, "ta rh_z": -6.937914611028699, "rh^2": 3.636985948909416, "rh rh_z": 4.317477319748467, "Bias": 60.429300033630014, "R2 score on training data (regime)": 0.6856077058262497, "R2 score on validation data (regime)": 0.6854762429554448, "MSE on training data (regime)": 327.54791537884233, "MSE on validation data (regime)": 323.1751184579593}, "Number of variables 9": {"ta": -44.870719729881834, "rh": 51.54716307330866, "hus_z": -7.069146584345209, "hus rh": 21.14615166608676, "clw cli": -7.513021587863503, "ta rh": -17.15551076499085, "ta rh_z": -2.353671647742002, "rh^2": 5.215604580549261, "rh rh_z": 3.0523604996143003, "Bias": 61.18130235756558, "R2 score on training data (regime)": 0.6985816638122335, "R2 score on validation data (regime)": 0.6973634971401903, "MSE on training data (regime)": 314.0310672522368, "MSE on validation data (regime)": 310.9608907780108}, "Number of variables 10": {"ta": -42.873654221169474, "U": 3.0443746168546646, "rh": 50.89004717665274, "hus_z": -6.860733585013342, "hus rh": 20.851333994286332, "clw cli": -7.358900285681704, "ta rh": -16.788886616585856, "ta rh_z": -2.6622937215718285, "rh^2": 5.028657063280674, "rh rh_z": 2.983439154821446, "Bias": 61.31304872095714, "R2 score on training data (regime)": 0.7061800352658879, "R2 score on validation data (regime)": 0.7049887912286952, "MSE on training data (regime)": 306.1147449503195, "MSE on validation data (regime)": 303.1258536301484}}