{"Number of variables 1": {"rh": 16.44857768316421, "Bias": 67.91704504724765, "R2 score on training data (regime)": 0.2604145771646649, "R2 score on validation data (regime)": 0.25959436249542744, "MSE on training data (regime)": 769.9971718110671, "MSE on validation data (regime)": 762.4664175375686}, "Number of variables 2": {"ta": -22.557795832234135, "rh": 32.346612009212116, "Bias": 67.90988431840786, "R2 score on training data (regime)": 0.5301093152657776, "R2 score on validation data (regime)": 0.5306474493133531, "MSE on training data (regime)": 489.2125873961054, "MSE on validation data (regime)": 483.33715973625027}, "Number of variables 3": {"ta": -20.34596447739175, "rh": 29.90932155906507, "clw cli": -12.191390700837777, "Bias": 65.95995323243257, "R2 score on training data (regime)": 0.5817146799478692, "R2 score on validation data (regime)": 0.5821830463556129, "MSE on training data (regime)": 435.4852103702656, "MSE on validation data (regime)": 430.2660321515026}, "Number of variables 4": {"ta": -24.688441503009972, "rh": 27.924106036157017, "clw cli": -11.069596887051205, "ta^2 rh": 2.8365057258580073, "Bias": 68.12919486309278, "R2 score on training data (regime)": 0.5978577730282757, "R2 score on validation data (regime)": 0.5985104225201137, "MSE on training data (regime)": 418.6783133812166, "MSE on validation data (regime)": 413.4521731243173}, "Number of variables 5": {"ta": -29.69000724943713, "rh": 35.17585368460975, "clw cli": -10.170899298709072, "rh^2": 5.71787630630023, "ta^2 rh": 4.432533967074832, "Bias": 63.66693977927726, "R2 score on training data (regime)": 0.6246262821236649, "R2 score on validation data (regime)": 0.6249520655691703, "MSE on training data (regime)": 390.8090833225305, "MSE on validation data (regime)": 386.2226872476693}, "Number of variables 6": {"ta": -32.07704236406764, "rh": 36.56884764772436, "clw cli": -9.249200086019627, "ta^2": 7.570416033397958, "rh^2": 7.221519547751635, "ta^2 rh": 8.518713016554067, "Bias": 57.60315934531447, "R2 score on training data (regime)": 0.649518457594437, "R2 score on validation data (regime)": 0.6493496358103537, "MSE on training data (regime)": 364.8933417179441, "MSE on validation data (regime)": 361.0981784161148}, "Number of variables 7": {"ta": -34.697171880145206, "rh": 39.78483102788543, "rh_z": -5.948278146487368, "clw cli": -7.597656794437468, "ta^2": 9.210572165414355, "rh^2": 8.120271546864299, "ta^2 rh": 9.560407932359297, "Bias": 56.04923546150748, "R2 score on training data (regime)": 0.6891962870833865, "R2 score on validation data (regime)": 0.6888117778107397, "MSE on training data (regime)": 323.58396007414837, "MSE on validation data (regime)": 320.46024089202706}, "Number of variables 8": {"ta": -35.755523092679475, "rh": 41.03803013682749, "rh_z": -7.356746429489139, "clw cli": -6.791560534051698, "ta^2": 9.553101167004057, "rh^2": 8.474673113668453, "ta^2 rh": 9.87455067176202, "pa_zz pa^2": 6.165189263455834, "Bias": 55.81818157070151, "R2 score on training data (regime)": 0.7070773708180675, "R2 score on validation data (regime)": 0.7065068108530175, "MSE on training data (regime)": 304.9676062636073, "MSE on validation data (regime)": 302.237974922488}, "Number of variables 9": {"ta": -36.50347468424845, "rh": 41.556940045762374, "rh_z": -6.7095080438774755, "clw cli": -7.0265275100092675, "ta^2": 9.644144643677475, "rh^2": 8.260581439344728, "rh rh_z": 2.5543412379494463, "ta^2 rh": 9.886970313551757, "pa_zz pa^2": 5.35654383865281, "Bias": 55.48725062784619, "R2 score on training data (regime)": 0.711914961282847, "R2 score on validation data (regime)": 0.7111563813837264, "MSE on training data (regime)": 299.93109410253703, "MSE on validation data (regime)": 297.4498679631917}, "Number of variables 10": {"ta": -37.039833125572976, "rh": 42.61801438046599, "rh_z": -5.072933678360527, "clw cli": -6.488942798018279, "ta^2": 10.180883302544844, "ta rh_z": -4.6785455295274145, "rh^2": 8.525758266825523, "rh rh_z": 3.290268754704782, "ta^2 rh": 10.12592170177831, "pa_zz pa^2": 5.0503873323442265, "Bias": 54.80864423035273, "R2 score on training data (regime)": 0.719689721964135, "R2 score on validation data (regime)": 0.7192808352977993, "MSE on training data (regime)": 291.83663529999717, "MSE on validation data (regime)": 289.0833416206989}}