{"Number of variables 1": {"rh": 16.45605391806148, "Bias": 67.88418142397563, "R2 score on training data (regime)": 0.26021878207425675, "R2 score on validation data (regime)": 0.25935869588190974, "MSE on training data (regime)": 770.15749082825, "MSE on validation data (regime)": 761.6090836552557}, "Number of variables 2": {"ta": -22.562881743272502, "rh": 32.36130708332197, "Bias": 67.89595972946553, "R2 score on training data (regime)": 0.5301182526636965, "R2 score on validation data (regime)": 0.5305667501848592, "MSE on training data (regime)": 489.1756356415713, "MSE on validation data (regime)": 482.723047230989}, "Number of variables 3": {"ta": -20.34875343353101, "rh": 29.92137793843551, "clw cli": -12.18189969569531, "Bias": 65.94758023029831, "R2 score on training data (regime)": 0.5816754522761873, "R2 score on validation data (regime)": 0.582223692453701, "MSE on training data (regime)": 435.5014377496308, "MSE on validation data (regime)": 429.60368128818413}, "Number of variables 4": {"ta": -22.215456735843084, "rh": 31.81494969198864, "clw cli": -12.218609218224996, "rh rh_z": 4.369131855275245, "Bias": 65.2343488291448, "R2 score on training data (regime)": 0.6013555657690697, "R2 score on validation data (regime)": 0.6008567830363108, "MSE on training data (regime)": 415.01323602238057, "MSE on validation data (regime)": 410.44308227030353}, "Number of variables 5": {"ta": -22.98056034469484, "rh": 33.123060056220105, "clw cli": -11.230116568063282, "ta rh_z": -5.224898149239298, "rh rh_z": 4.81896023311887, "Bias": 65.31364674840866, "R2 score on training data (regime)": 0.6163466541475285, "R2 score on validation data (regime)": 0.6164159641530571, "MSE on training data (regime)": 399.40659620701655, "MSE on validation data (regime)": 394.44341602584325}, "Number of variables 6": {"ta": -25.18561399316369, "rh": 38.650708316420314, "hus rh": 8.280335954744356, "clw cli": -10.215425758059443, "ta rh_z": -7.199823105990195, "rh rh_z": 5.448165754621037, "Bias": 60.718935921852236, "R2 score on training data (regime)": 0.6423829407105291, "R2 score on validation data (regime)": 0.6419230972690169, "MSE on training data (regime)": 372.3012295878567, "MSE on validation data (regime)": 368.2141682494846}, "Number of variables 7": {"ta": -35.66838808063233, "rh": 44.82004517988496, "hus rh": 22.994848943966524, "clw cli": -7.795277854596896, "ta rh": -13.058504055155694, "ta rh_z": -7.094856944197149, "rh rh_z": 4.775462636121796, "Bias": 62.16200175754036, "R2 score on training data (regime)": 0.679382817138463, "R2 score on validation data (regime)": 0.6786779505470306, "MSE on training data (regime)": 333.78209541655207, "MSE on validation data (regime)": 330.4187739482128}, "Number of variables 8": {"ta": -37.74762952429384, "rh": 48.94385881367121, "hus rh": 21.77321264686578, "clw cli": -7.561677099612443, "ta rh": -14.64299815670763, "ta rh_z": -7.022661802789404, "rh^2": 3.6530414694949833, "rh rh_z": 4.246362741888387, "Bias": 60.43470111319392, "R2 score on training data (regime)": 0.6858686348227316, "R2 score on validation data (regime)": 0.6849194652931393, "MSE on training data (regime)": 327.0299625526069, "MSE on validation data (regime)": 324.00056003012065}, "Number of variables 9": {"ta": -44.875449914643546, "rh": 51.56415408430122, "hus_z": -7.057738905395979, "hus rh": 21.178957769866265, "clw cli": -7.482778550834088, "ta rh": -17.155551622572403, "ta rh_z": -2.374244888150626, "rh^2": 5.220978637716758, "rh rh_z": 3.0150318747893006, "Bias": 61.183130192012726, "R2 score on training data (regime)": 0.6987781918320615, "R2 score on validation data (regime)": 0.6964558686431213, "MSE on training data (regime)": 313.5903241931917, "MSE on validation data (regime)": 312.1375576088349}, "Number of variables 10": {"ta": -42.90304334079116, "U": 2.9990685946793647, "rh": 50.91777863686612, "hus_z": -6.847310791716101, "hus rh": 20.892380245913014, "clw cli": -7.323024990375594, "ta rh": -16.79457685656381, "ta rh_z": -2.691681712707952, "rh^2": 5.037136664047383, "rh rh_z": 2.9479217019741637, "Bias": 61.3073813571726, "R2 score on training data (regime)": 0.7061913626050793, "R2 score on validation data (regime)": 0.7040836234212895, "MSE on training data (regime)": 305.8727600495157, "MSE on validation data (regime)": 304.29385878371306}}