{"Number of variables 1": {"rh": 16.46306477987409, "Bias": 67.89025670037671, "R2 score on training data (regime)": 0.2600489469071129, "R2 score on validation data (regime)": 0.2597787923648591, "MSE on training data (regime)": 770.5907352976899, "MSE on validation data (regime)": 762.9061142318725}, "Number of variables 2": {"ta": -22.592869648725934, "rh": 32.41789123413592, "Bias": 67.86086101024979, "R2 score on training data (regime)": 0.530179024237157, "R2 score on validation data (regime)": 0.530244902547505, "MSE on training data (regime)": 489.27518875484316, "MSE on validation data (regime)": 484.1512676771949}, "Number of variables 3": {"ta": -20.38856567117609, "rh": 29.992988291291123, "clw cli": -12.098960661850821, "Bias": 65.93436085677622, "R2 score on training data (regime)": 0.5814283482388187, "R2 score on validation data (regime)": 0.5817626541422158, "MSE on training data (regime)": 435.9037473589857, "MSE on validation data (regime)": 431.0546969795657}, "Number of variables 4": {"ta": -22.22886105941289, "rh": 31.855091364117104, "clw cli": -12.133125263276034, "rh rh_z": 4.368693603541034, "Bias": 65.22666323651994, "R2 score on training data (regime)": 0.6012688671501009, "R2 score on validation data (regime)": 0.6005875414607558, "MSE on training data (regime)": 415.24167789827317, "MSE on validation data (regime)": 411.6528999398366}, "Number of variables 5": {"ta": -23.001255797093453, "rh": 33.16142072060077, "clw cli": -11.177131211522678, "ta rh_z": -5.189420766947276, "rh rh_z": 4.8703813266863385, "Bias": 65.29304246999389, "R2 score on training data (regime)": 0.6164333072219541, "R2 score on validation data (regime)": 0.6167589441978629, "MSE on training data (regime)": 399.44931301615946, "MSE on validation data (regime)": 394.98590648356947}, "Number of variables 6": {"ta": -25.183357017773705, "rh": 38.6349861572928, "hus rh": 8.19718363935749, "clw cli": -10.194308798588295, "ta rh_z": -7.093864492034902, "rh rh_z": 5.5143920033126825, "Bias": 60.74408061192882, "R2 score on training data (regime)": 0.6420473393748014, "R2 score on validation data (regime)": 0.6424474183099778, "MSE on training data (regime)": 372.7746623239284, "MSE on validation data (regime)": 368.51018035836034}, "Number of variables 7": {"ta": -35.70315417562423, "rh": 44.8229141907426, "hus rh": 22.970138132863905, "clw cli": -7.783989059677715, "ta rh": -13.10536777214633, "ta rh_z": -6.971300770232908, "rh rh_z": 4.868447445571516, "Bias": 62.17836905827551, "R2 score on training data (regime)": 0.6793983399206373, "R2 score on validation data (regime)": 0.6794266597329096, "MSE on training data (regime)": 333.8770421983619, "MSE on validation data (regime)": 330.39766873316387}, "Number of variables 8": {"ta": -37.80112820152767, "rh": 48.966953359704206, "hus rh": 21.757068052677717, "clw cli": -7.555582319352855, "ta rh": -14.70701685945343, "ta rh_z": -6.892889297986195, "rh^2": 3.670450470222473, "rh rh_z": 4.3501524278779415, "Bias": 60.43865409990837, "R2 score on training data (regime)": 0.6858097315770182, "R2 score on validation data (regime)": 0.6856202973486076, "MSE on training data (regime)": 327.200169464522, "MSE on validation data (regime)": 324.01422016722984}, "Number of variables 9": {"ta": -45.00618501074618, "rh": 51.66157072000526, "hus_z": -7.119957250619471, "hus rh": 21.20894609555499, "clw cli": -7.441567110529457, "ta rh": -17.256844390586153, "ta rh_z": -2.328665634027989, "rh^2": 5.260474825401413, "rh rh_z": 3.085638436468107, "Bias": 61.18417948206416, "R2 score on training data (regime)": 0.6990281922626247, "R2 score on validation data (regime)": 0.6975101597096502, "MSE on training data (regime)": 313.4343625281724, "MSE on validation data (regime)": 311.7599796793162}, "Number of variables 10": {"ta": -43.03518331065518, "U": 3.0150729938794747, "rh": 51.01497122405832, "hus_z": -6.917566083463424, "hus rh": 20.91619339164003, "clw cli": -7.2900183039850495, "ta rh": -16.90166366984956, "ta rh_z": -2.629039024078237, "rh^2": 5.076989942034476, "rh rh_z": 3.0159975456210093, "Bias": 61.31922685859656, "R2 score on training data (regime)": 0.7065075384871963, "R2 score on validation data (regime)": 0.7050894897463497, "MSE on training data (regime)": 305.6453136679162, "MSE on validation data (regime)": 303.9483725987077}}