{"Number of variables 1": {"rh": 16.455672490572248, "Bias": 67.91523717466099, "R2 score on training data (regime)": 0.2601405500058537, "R2 score on validation data (regime)": 0.2594669799113487, "MSE on training data (regime)": 769.0625839585881, "MSE on validation data (regime)": 761.3358328711148}, "Number of variables 2": {"ta": -22.592437945924356, "rh": 32.37894918669159, "Bias": 67.91394462979284, "R2 score on training data (regime)": 0.5310962814790472, "R2 score on validation data (regime)": 0.5310023225624578, "MSE on training data (regime)": 487.41190694579575, "MSE on validation data (regime)": 482.1726076762713}, "Number of variables 3": {"ta": -20.39793655069421, "rh": 29.966545025416853, "clw cli": -12.07302846909113, "Bias": 65.99031866358247, "R2 score on training data (regime)": 0.5821683846860579, "R2 score on validation data (regime)": 0.5822047550990003, "MSE on training data (regime)": 434.32392697758127, "MSE on validation data (regime)": 429.53181305570337}, "Number of variables 4": {"ta": -24.722753949872484, "rh": 27.991784083824186, "clw cli": -10.966889219084237, "ta^2 rh": 2.8284462204346568, "Bias": 68.14666169837975, "R2 score on training data (regime)": 0.5981863406153434, "R2 score on validation data (regime)": 0.5981075972391183, "MSE on training data (regime)": 417.67372324387424, "MSE on validation data (regime)": 413.1822334457149}, "Number of variables 5": {"ta": -29.727550254321216, "rh": 35.26101140603182, "clw cli": -10.071625924358743, "rh^2": 5.743892783119517, "ta^2 rh": 4.4246054130407835, "Bias": 63.66554324962136, "R2 score on training data (regime)": 0.6248127094542479, "R2 score on validation data (regime)": 0.6241522163414688, "MSE on training data (regime)": 389.99637990407575, "MSE on validation data (regime)": 386.4059773731292}, "Number of variables 6": {"ta": -32.14150445408258, "rh": 36.669133236042754, "clw cli": -9.145200799655893, "ta^2": 7.646458404870462, "rh^2": 7.2560256568877275, "ta^2 rh": 8.550194337795649, "Bias": 57.54754264150564, "R2 score on training data (regime)": 0.6501463829503636, "R2 score on validation data (regime)": 0.6483341725860543, "MSE on training data (regime)": 363.66275613237144, "MSE on validation data (regime)": 361.54470947757954}, "Number of variables 7": {"ta": -34.79535543007639, "rh": 39.93463202771909, "rh_z": -6.063875629813719, "clw cli": -7.480124264785576, "ta^2": 9.306723589527323, "rh^2": 8.16588866379218, "ta^2 rh": 9.603806329667812, "Bias": 55.98565588669665, "R2 score on training data (regime)": 0.6905306966411102, "R2 score on validation data (regime)": 0.6880274405225297, "MSE on training data (regime)": 321.6844254661274, "MSE on validation data (regime)": 320.73639116629744}, "Number of variables 8": {"ta": -35.81063002060479, "rh": 41.12068211976218, "rh_z": -7.419751740086759, "clw cli": -6.708558468998028, "ta^2": 9.621993802924166, "rh^2": 8.492329613220189, "ta^2 rh": 9.898527969006317, "pa_zz pa^2": 6.1698855056946895, "Bias": 55.78192743163261, "R2 score on training data (regime)": 0.7076325736139947, "R2 score on validation data (regime)": 0.7054917359437853, "MSE on training data (regime)": 303.90751703384007, "MSE on validation data (regime)": 302.7814944373748}, "Number of variables 9": {"ta": -36.54148121748537, "rh": 41.609820019638576, "rh_z": -6.766096018585549, "clw cli": -6.9447150515712925, "ta^2": 9.704198993004372, "rh^2": 8.258341849255991, "rh rh_z": 2.5598325913997484, "ta^2 rh": 9.902603614874995, "pa_zz pa^2": 5.365196095627066, "Bias": 55.47324396659866, "R2 score on training data (regime)": 0.712543470797337, "R2 score on validation data (regime)": 0.7102335068117887, "MSE on training data (regime)": 298.80278088779755, "MSE on validation data (regime)": 297.9065192841493}, "Number of variables 10": {"ta": -37.06408725864439, "rh": 42.66794696970969, "rh_z": -5.144097238772141, "clw cli": -6.410572320816831, "ta^2": 10.237106884837866, "ta rh_z": -4.675685531545572, "rh^2": 8.521948457670334, "rh rh_z": 3.270753494257226, "ta^2 rh": 10.137577606057263, "pa_zz pa^2": 5.040893212974472, "Bias": 54.799558268894145, "R2 score on training data (regime)": 0.7202186466948182, "R2 score on validation data (regime)": 0.7182114997155001, "MSE on training data (regime)": 290.82465665339026, "MSE on validation data (regime)": 289.70441119819264}}