{"Number of variables 1": {"rh": 16.482304349765002, "Bias": 67.86706319299792, "R2 score on training data (regime)": 0.26063922241713466, "R2 score on validation data (regime)": 0.26041218338174077, "MSE on training data (regime)": 769.9398259732008, "MSE on validation data (regime)": 760.2457177226688}, "Number of variables 2": {"ta": -22.61225563654944, "rh": 32.42425678301627, "Bias": 67.87572516157374, "R2 score on training data (regime)": 0.531047796371019, "R2 score on validation data (regime)": 0.5304261218056896, "MSE on training data (regime)": 488.3474874502382, "MSE on validation data (regime)": 482.6898470069214}, "Number of variables 3": {"ta": -20.390845367357155, "rh": 29.98083160261098, "clw cli": -12.215482884484814, "Bias": 65.92570629963456, "R2 score on training data (regime)": 0.58272023333211, "R2 score on validation data (regime)": 0.5822182409245523, "MSE on training data (regime)": 434.53794233006215, "MSE on validation data (regime)": 429.4510890296234}, "Number of variables 4": {"ta": -24.690661472488326, "rh": 28.01959859950663, "clw cli": -11.104612403577445, "ta^2 rh": 2.808000536068313, "Bias": 68.07180428117584, "R2 score on training data (regime)": 0.5985708173161619, "R2 score on validation data (regime)": 0.5985436235864232, "MSE on training data (regime)": 418.03179777347356, "MSE on validation data (regime)": 412.6697116461756}, "Number of variables 5": {"ta": -29.69090444354307, "rh": 35.266177971889164, "clw cli": -10.200272788836548, "rh^2": 5.747633402136865, "ta^2 rh": 4.412687491923247, "Bias": 63.59314709493715, "R2 score on training data (regime)": 0.6252158081285, "R2 score on validation data (regime)": 0.624501870080131, "MSE on training data (regime)": 390.28480305706825, "MSE on validation data (regime)": 385.9864087401503}, "Number of variables 6": {"ta": -31.450680405230994, "rh": 37.70594188009047, "rh_z": -4.978400104199739, "clw cli": -8.97923225769533, "rh^2": 6.228798297478326, "ta^2 rh": 4.544890745981181, "Bias": 63.39841638240836, "R2 score on training data (regime)": 0.6529249866347742, "R2 score on validation data (regime)": 0.6523314872200945, "MSE on training data (regime)": 361.42960715835153, "MSE on validation data (regime)": 357.379464735502}, "Number of variables 7": {"ta": -34.75758643117634, "rh": 39.93982683308336, "rh_z": -6.064332981402862, "clw cli": -7.59071340351835, "ta^2": 9.260598812566109, "rh^2": 8.172453974147256, "ta^2 rh": 9.568500851555967, "Bias": 55.941188205126664, "R2 score on training data (regime)": 0.6903768746608229, "R2 score on validation data (regime)": 0.6887615244438289, "MSE on training data (regime)": 322.4287553097938, "MSE on validation data (regime)": 319.93187680407897}, "Number of variables 8": {"ta": -35.79273916246336, "rh": 41.16884392016948, "rh_z": -7.462063652854504, "clw cli": -6.783491192404308, "ta^2": 9.602716100804166, "rh^2": 8.518059319182083, "ta^2 rh": 9.878232557598789, "pa_zz pa^2": 6.243553623372462, "Bias": 55.712768982532545, "R2 score on training data (regime)": 0.7081010721820162, "R2 score on validation data (regime)": 0.7060509604262445, "MSE on training data (regime)": 303.9715068747391, "MSE on validation data (regime)": 302.15951850919356}, "Number of variables 9": {"ta": -35.8676092529694, "rh": 42.112658790660966, "rh_z": -7.558047425361354, "clw cli": -9.401343638987214, "clw rh": -3.396049059072871, "ta^2": 9.792945330599068, "rh^2": 9.56695606680942, "ta^2 rh": 9.849854026780914, "pa_zz pa^2": 6.373385330511237, "Bias": 55.38104054348733, "R2 score on training data (regime)": 0.7130971626224254, "R2 score on validation data (regime)": 0.71104258017504, "MSE on training data (regime)": 298.7687843056427, "MSE on validation data (regime)": 297.02847463143803}, "Number of variables 10": {"ta": -33.28112379806268, "rh": 40.47613899679638, "rh_z": -6.682648193993047, "clw cli": -7.1660867370666, "clw ta": 10.37352397816062, "clw rh": -8.62850008635742, "ta^2": 8.345966416112171, "rh^2": 9.673980129979865, "ta^2 rh": 9.556982525661297, "pa_zz pa^2": 6.092313818323705, "Bias": 55.53705230016001, "R2 score on training data (regime)": 0.7222916153011549, "R2 score on validation data (regime)": 0.7201210811881262, "MSE on training data (regime)": 289.1940604225023, "MSE on validation data (regime)": 287.69639619064054}}