{"Number of variables 1": {"rh": 16.480780079045402, "Bias": 67.85596928588063, "R2 score on training data (regime)": 0.26067785959577583, "R2 score on validation data (regime)": 0.259469155448218, "MSE on training data (regime)": 770.2587829617564, "MSE on validation data (regime)": 760.9000530153681}, "Number of variables 2": {"ta": -22.598663090115984, "rh": 32.4165900298379, "Bias": 67.86159192137025, "R2 score on training data (regime)": 0.5306752709953293, "R2 score on validation data (regime)": 0.5311961806827936, "MSE on training data (regime)": 488.9634366682742, "MSE on validation data (regime)": 481.69884292689454}, "Number of variables 3": {"ta": -20.373509607014288, "rh": 29.961363821329986, "clw cli": -12.203247589787132, "Bias": 65.90995758623149, "R2 score on training data (regime)": 0.5821938617791539, "R2 score on validation data (regime)": 0.5823836882993042, "MSE on training data (regime)": 435.28907082910564, "MSE on validation data (regime)": 429.1033601787023}, "Number of variables 4": {"ta": -22.223256687659372, "rh": 31.831158465012972, "clw cli": -12.247754228205043, "rh rh_z": 4.393121149065071, "Bias": 65.197884874395, "R2 score on training data (regime)": 0.6015855759061283, "R2 score on validation data (regime)": 0.6010727253859285, "MSE on training data (regime)": 415.08591809406244, "MSE on validation data (regime)": 409.90025822198936}, "Number of variables 5": {"ta": -26.661353523624072, "rh": 29.861611083737348, "clw cli": -11.11523351585051, "rh rh_z": 4.488312144721323, "ta^2 rh": 2.8714651846096544, "Bias": 67.37985082885861, "R2 score on training data (regime)": 0.6178278127526234, "R2 score on validation data (regime)": 0.617591088445282, "MSE on training data (regime)": 398.16403127065723, "MSE on validation data (regime)": 392.92753734201494}, "Number of variables 6": {"ta": -31.280126498207864, "rh": 36.645993638036366, "clw cli": -10.238573489757176, "rh^2": 5.484143057687811, "rh rh_z": 4.110231889696601, "ta^2 rh": 4.396823541585846, "Bias": 63.1634543369174, "R2 score on training data (regime)": 0.6401349686426898, "R2 score on validation data (regime)": 0.6393954367382202, "MSE on training data (regime)": 374.92344126502553, "MSE on validation data (regime)": 370.5234337261768}, "Number of variables 7": {"ta": -33.94066669099257, "rh": 38.227399173655854, "clw cli": -9.264227980193082, "ta^2": 8.046208550175677, "rh^2": 7.061991552182048, "rh rh_z": 4.401252503022841, "ta^2 rh": 8.736424043568558, "Bias": 56.69640185853867, "R2 score on training data (regime)": 0.6662240386766728, "R2 score on validation data (regime)": 0.6648328672025239, "MSE on training data (regime)": 347.7426844139015, "MSE on validation data (regime)": 344.3863155611954}, "Number of variables 8": {"ta": -35.66261385246615, "rh": 41.05140599373348, "clw cli": -7.725442685689678, "ta^2": 9.486471374220953, "ta rh_z": -7.172429242229235, "rh^2": 7.85560376472492, "rh rh_z": 5.098830772195963, "ta^2 rh": 9.498422249699342, "Bias": 55.1232336515423, "R2 score on training data (regime)": 0.6945251697274952, "R2 score on validation data (regime)": 0.6936598207732216, "MSE on training data (regime)": 318.2573037275758, "MSE on validation data (regime)": 314.76644130262673}, "Number of variables 9": {"ta": -36.209213822885076, "rh": 41.43159297018937, "clw cli": -7.234695389426318, "ta^2": 10.158285942062278, "ta rh_z": -6.116539075402526, "rh^2": 8.13135090716024, "rh rh_z": 4.586318125690294, "ta^2 rh": 10.014817977745444, "rh_z pa^2": -4.05605022855954, "Bias": 55.02470349720489, "R2 score on training data (regime)": 0.7076591486602977, "R2 score on validation data (regime)": 0.7061661082466619, "MSE on training data (regime)": 304.57373864092153, "MSE on validation data (regime)": 301.91615306469924}, "Number of variables 10": {"ta": -36.50194318208729, "rh": 41.81272765210717, "clw cli": -6.655177768947839, "ta^2": 10.334511016872119, "ta rh_z": -6.115996153430342, "rh^2": 8.403119452325791, "rh rh_z": 3.6861214302475487, "ta^2 rh": 10.236714315864091, "pa_zz pa^2": 5.082544481050956, "rh_z pa^2": -5.412745407987035, "Bias": 55.17302170227117, "R2 score on training data (regime)": 0.7211164314409755, "R2 score on validation data (regime)": 0.7193708376783443, "MSE on training data (regime)": 290.55334118474667, "MSE on validation data (regime)": 288.3482113664678}}