{"Number of variables 1": {"rh": 16.482304349765002, "Bias": 67.86706319299792, "R2 score on training data (regime)": 0.26063922241713466, "R2 score on validation data (regime)": 0.26041218338174077, "MSE on training data (regime)": 769.9398259732008, "MSE on validation data (regime)": 760.2457177226688}, "Number of variables 2": {"ta": -22.61225563654944, "rh": 32.42425678301627, "Bias": 67.87572516157374, "R2 score on training data (regime)": 0.531047796371019, "R2 score on validation data (regime)": 0.5304261218056896, "MSE on training data (regime)": 488.3474874502382, "MSE on validation data (regime)": 482.6898470069214}, "Number of variables 3": {"ta": -20.390845367357155, "rh": 29.98083160261098, "clw cli": -12.215482884484814, "Bias": 65.92570629963456, "R2 score on training data (regime)": 0.58272023333211, "R2 score on validation data (regime)": 0.5822182409245523, "MSE on training data (regime)": 434.53794233006215, "MSE on validation data (regime)": 429.4510890296234}, "Number of variables 4": {"ta": -22.215014715168554, "rh": 31.824451643288796, "clw cli": -12.254426649029082, "rh rh_z": 4.322228115440079, "Bias": 65.22444386882367, "R2 score on training data (regime)": 0.6021164594043018, "R2 score on validation data (regime)": 0.6007981211466578, "MSE on training data (regime)": 414.33951230868263, "MSE on validation data (regime)": 410.3522422702986}, "Number of variables 5": {"ta": -22.941220078575142, "rh": 33.97140543385642, "clw cli": -11.57765588807272, "pa hus_z": -4.9404363279443135, "rh rh_z": 4.571138487671417, "Bias": 63.057676061636805, "R2 score on training data (regime)": 0.6222758382746343, "R2 score on validation data (regime)": 0.6200239174716327, "MSE on training data (regime)": 393.3463664321934, "MSE on validation data (regime)": 390.5894379116451}, "Number of variables 6": {"ta": -27.68155518484229, "rh": 34.021905409789156, "clw cli": -11.44779550277526, "pa hus_z": -7.680203004066044, "zg^2": -4.715469869716259, "rh rh_z": 4.571296693917744, "Bias": 66.55343940493218, "R2 score on training data (regime)": 0.6464068575490367, "R2 score on validation data (regime)": 0.6443121396027669, "MSE on training data (regime)": 368.2173180108941, "MSE on validation data (regime)": 365.6228058885237}, "Number of variables 7": {"ta": -31.75017122303111, "rh": 42.21671729119096, "clw cli": -11.00330582738267, "pa hus_z": -9.678768135053318, "zg^2": -6.386868740319173, "rh^2": 5.422400469025682, "rh rh_z": 4.2398542547573586, "Bias": 62.02181533612484, "R2 score on training data (regime)": 0.666898272063354, "R2 score on validation data (regime)": 0.6641770439288623, "MSE on training data (regime)": 346.87840390636563, "MSE on validation data (regime)": 345.2030421937419}, "Number of variables 8": {"ta": -31.145444431714015, "rh": 43.26083586274859, "clw cli": -9.805251010297265, "pa hus_z": -9.791580818180943, "zg^2": -6.040008198848895, "zg ta_z": -4.867874850600587, "rh^2": 5.822377038401502, "rh rh_z": 4.605205564246434, "Bias": 60.72700256064305, "R2 score on training data (regime)": 0.6782275614242654, "R2 score on validation data (regime)": 0.6759138895962518, "MSE on training data (regime)": 335.08054913314226, "MSE on validation data (regime)": 333.1383671710998}, "Number of variables 9": {"ta": -30.806398735185017, "rh": 43.33418518597564, "clw cli": -9.29306066225713, "pa hus_z": -9.37289234515813, "zg^2": -5.880412771583718, "zg ta_z": -6.326053306380237, "zg pa_zz": -4.288643515815702, "rh^2": 5.96583877795975, "rh rh_z": 4.101954420956508, "Bias": 60.678924514412834, "R2 score on training data (regime)": 0.6857359320026846, "R2 score on validation data (regime)": 0.6833098244505078, "MSE on training data (regime)": 327.2616416230769, "MSE on validation data (regime)": 325.5358517224088}, "Number of variables 10": {"ta": -31.94916518264245, "rh": 44.14306745625946, "hus rh": 5.268305672354415, "clw cli": -9.127173559401044, "pa hus_z": -8.224568921740762, "zg^2": -6.532440723568772, "zg ta_z": -6.389747473163574, "zg pa_zz": -4.221711522291733, "rh^2": 4.74364791654709, "rh rh_z": 4.420833224170819, "Bias": 60.07901250660805, "R2 score on training data (regime)": 0.6941297427610563, "R2 score on validation data (regime)": 0.6921605579621595, "MSE on training data (regime)": 318.5206732210462, "MSE on validation data (regime)": 316.437902703042}}