{"Number of variables 1": {"rh": 16.44857768316421, "Bias": 67.91704504724765, "R2 score on training data (regime)": 0.2604145771646649, "R2 score on validation data (regime)": 0.25959436249542744, "MSE on training data (regime)": 769.9971718110671, "MSE on validation data (regime)": 762.4664175375686}, "Number of variables 2": {"ta": -22.557795832234135, "rh": 32.346612009212116, "Bias": 67.90988431840786, "R2 score on training data (regime)": 0.5301093152657776, "R2 score on validation data (regime)": 0.5306474493133531, "MSE on training data (regime)": 489.2125873961054, "MSE on validation data (regime)": 483.33715973625027}, "Number of variables 3": {"ta": -20.34596447739175, "rh": 29.90932155906507, "clw cli": -12.191390700837777, "Bias": 65.95995323243257, "R2 score on training data (regime)": 0.5817146799478692, "R2 score on validation data (regime)": 0.5821830463556129, "MSE on training data (regime)": 435.4852103702656, "MSE on validation data (regime)": 430.2660321515026}, "Number of variables 4": {"ta": -22.182771686607747, "rh": 31.768066218789862, "clw cli": -12.230075902455644, "rh rh_z": 4.319530888726706, "Bias": 65.25930243229243, "R2 score on training data (regime)": 0.6011799007293805, "R2 score on validation data (regime)": 0.6007600684865761, "MSE on training data (regime)": 415.2195798052635, "MSE on validation data (regime)": 411.13549775896274}, "Number of variables 5": {"ta": -22.953084761565137, "rh": 33.07031699968085, "clw cli": -11.259921079915385, "ta rh_z": -5.149772250636582, "rh rh_z": 4.797355814965738, "Bias": 65.32895731862749, "R2 score on training data (regime)": 0.6162576929569646, "R2 score on validation data (regime)": 0.6164626707148517, "MSE on training data (regime)": 399.52178883490325, "MSE on validation data (regime)": 394.9650281399537}, "Number of variables 6": {"ta": -25.143319110071353, "rh": 38.553330980688095, "hus rh": 8.202867594909316, "clw cli": -10.267970049275217, "ta rh_z": -7.064925864582724, "rh rh_z": 5.441932372525613, "Bias": 60.770293702607276, "R2 score on training data (regime)": 0.6419672481253988, "R2 score on validation data (regime)": 0.6420303013191722, "MSE on training data (regime)": 372.75505688347795, "MSE on validation data (regime)": 368.63559637400533}, "Number of variables 7": {"ta": -35.69451899784573, "rh": 44.773437775310065, "hus rh": 23.01005340709137, "clw cli": -7.825814663185266, "ta rh": -13.129241298866049, "ta rh_z": -6.975857229424712, "rh rh_z": 4.793062751396556, "Bias": 62.206992265185384, "R2 score on training data (regime)": 0.6793882481958265, "R2 score on validation data (regime)": 0.67948519311574, "MSE on training data (regime)": 333.795305472874, "MSE on validation data (regime)": 330.0647161418704}, "Number of variables 8": {"ta": -37.77561747485786, "rh": 48.894794077716725, "hus rh": 21.791809724991342, "clw cli": -7.602485702972556, "ta rh": -14.700338725493712, "ta rh_z": -6.90624022011063, "rh^2": 3.6351050072360174, "rh rh_z": 4.292704261727699, "Bias": 60.47654266207192, "R2 score on training data (regime)": 0.6858882266524644, "R2 score on validation data (regime)": 0.6859623308417488, "MSE on training data (regime)": 327.02804793383734, "MSE on validation data (regime)": 323.3945886500104}, "Number of variables 9": {"ta": -44.86255297099224, "rh": 51.54162058432086, "hus_z": -7.00015817082657, "hus rh": 21.2520102996514, "clw cli": -7.4897255913364305, "ta rh": -17.19379672358052, "ta rh_z": -2.4106488711629654, "rh^2": 5.1878109042675895, "rh rh_z": 3.0640126342369123, "Bias": 61.20349931479295, "R2 score on training data (regime)": 0.6986945019346698, "R2 score on validation data (regime)": 0.6980047335028088, "MSE on training data (regime)": 313.69517867455835, "MSE on validation data (regime)": 310.9933761923775}, "Number of variables 10": {"ta": -42.873650700249485, "U": 3.040032713758521, "rh": 50.885029801507244, "hus_z": -6.7955378548907515, "hus rh": 20.954263655698224, "clw cli": -7.337409170590088, "ta rh": -16.831805801128976, "ta rh_z": -2.712241332975726, "rh^2": 5.001575309430125, "rh rh_z": 2.995949616449844, "Bias": 61.337879589827914, "R2 score on training data (regime)": 0.7063112996819363, "R2 score on validation data (regime)": 0.7056000703404384, "MSE on training data (regime)": 305.7651782411157, "MSE on validation data (regime)": 303.1717322512308}}