{"Number of variables 1": {"rh": 31.416256051636132, "Bias": 44.57516832415483, "R2 score on training data": 0.5722940873965916, "R2 score on validation data": 0.5764691094010028, "MSE on training data": 737.1617572872416, "MSE on validation data": 731.8614576643399, "Bounded MSE on training data": 725.5103295889421, "Bounded MSE on validation data": 719.7680870591912}, "Number of variables 2": {"ta": -15.58997186977338, "rh": 41.35277673316375, "Bias": 44.58755352295619, "R2 score on training data": 0.65581779376724, "R2 score on validation data": 0.6610681026970415, "MSE on training data": 593.2065760540511, "MSE on validation data": 585.67438152685, "Bounded MSE on training data": 544.1684923097778, "Bounded MSE on validation data": 537.5561778154064}, "Number of variables 3": {"ta": -13.978169155321591, "rh": 38.152186429466674, "clw cli": -16.068195600745888, "Bias": 43.33507296111393, "R2 score on training data": 0.6900394261975853, "R2 score on validation data": 0.6952105910268077, "MSE on training data": 534.2247430790577, "MSE on validation data": 526.6761553479503, "Bounded MSE on training data": 482.451813406817, "Bounded MSE on validation data": 476.4793529565487}, "Number of variables 4": {"ta": -16.099571061225795, "rh": 45.17106297035873, "clw cli": -15.785023408060859, "rh^2": 10.45864180596588, "Bias": 32.89646767071289, "R2 score on training data": 0.7215308477617107, "R2 score on validation data": 0.7244852994998376, "MSE on training data": 479.9484963038359, "MSE on validation data": 476.08945366612244, "Bounded MSE on training data": 434.06530211847354, "Bounded MSE on validation data": 430.54053236975716}, "Number of variables 5": {"ta": -25.015622354408645, "rh": 54.15231642061945, "clw cli": -12.656953069542581, "ta rh": -17.409493281028873, "rh^2": 23.035271360872695, "Bias": 31.662449713060013, "R2 score on training data": 0.7912964900438009, "R2 score on validation data": 0.7930533987303596, "MSE on training data": 359.70568004278044, "MSE on validation data": 357.6037654530378, "Bounded MSE on training data": 344.8220977904006, "Bounded MSE on validation data": 341.6971190647198}, "Number of variables 6": {"ta": -28.1023896355511, "rh": 57.810752725061306, "clw cli": -11.342873540937028, "ta rh": -22.402663946084274, "pa hus_z": -7.32522579126539, "rh^2": 26.618509899727215, "Bias": 27.714961924015977, "R2 score on training data": 0.8109322665162102, "R2 score on validation data": 0.8124913207234661, "MSE on training data": 325.86293187501667, "MSE on validation data": 324.0150326365929, "Bounded MSE on training data": 308.0941352806373, "Bounded MSE on validation data": 306.18909524263944}, "Number of variables 7": {"ta": -32.78593550083017, "rh": 60.87526422594345, "hus rh": 8.782860250991913, "clw cli": -10.4259496578571, "ta rh": -27.597094563681434, "pa hus_z": -6.290375681633426, "rh^2": 26.091315788573166, "Bias": 26.762467576134263, "R2 score on training data": 0.8185592503673156, "R2 score on validation data": 0.82018453006087, "MSE on training data": 312.71763588352655, "MSE on validation data": 310.7211654718476, "Bounded MSE on training data": 292.12996325592735, "Bounded MSE on validation data": 289.98442135934306}, "Number of variables 8": {"ta": -32.55297481245779, "rh": 60.59883960615027, "hus rh": 8.278959439909617, "clw cli": -9.991567627845964, "ta rh": -26.693415700995764, "pa hus_z": -5.970425547860019, "pa U_z": -2.9820707195192497, "rh^2": 26.058695557649223, "Bias": 27.24985543524633, "R2 score on training data": 0.8239325603430042, "R2 score on validation data": 0.8253933641677736, "MSE on training data": 303.45660275911297, "MSE on validation data": 301.7202991671048, "Bounded MSE on training data": 281.6784104608213, "Bounded MSE on validation data": 279.7413282617562}, "Number of variables 9": {"ta": -33.19814565632958, "rh": 60.91553101743629, "hus rh": 9.040021288963192, "clw cli": -9.463866911511351, "ta rh": -27.04536867794084, "pa hus_z": -5.462602836894527, "pa U_z": -2.991383704369486, "rh^2": 26.06249359522172, "clw_z rh_z": 1.1167283869525697, "Bias": 26.98460334899276, "R2 score on training data": 0.8280628190485269, "R2 score on validation data": 0.8311883295491036, "MSE on training data": 296.337999355009, "MSE on validation data": 291.7065979112263, "Bounded MSE on training data": 271.3219698987078, "Bounded MSE on validation data": 268.7575416408957}, "Number of variables 10": {"ta": -33.30304049468979, "rh": 60.969441441922726, "hus rh": 9.207166293660794, "clw cli": -9.384174081061284, "ta rh": -27.114672730536665, "pa hus_z": -5.357259454136108, "pa U_z": -2.725611868355233, "rh^2": 26.049140525543574, "rh pa_zz": 2.5658449944253343, "clw_z rh_z": 1.0846290497440876, "Bias": 26.994080363628377, "R2 score on training data": 0.8308505258542063, "R2 score on validation data": 0.8336304138338688, "MSE on training data": 291.53331747636093, "MSE on validation data": 287.48667581331335, "Bounded MSE on training data": 267.44326039835613, "Bounded MSE on validation data": 264.9230108327654}, "Number of variables 11": {"ta": -33.691355722414, "rh": 61.31408920231807, "rh_z": -3.2488696970590007, "hus rh": 10.866538409447871, "clw cli": -8.959249048129413, "ta rh": -26.818879980342707, "pa hus_z": -3.4564139205079667, "pa U_z": -2.7855611527134903, "rh^2": 25.702809802203713, "rh pa_zz": 3.5422508812505957, "clw_z rh_z": 0.8266938714306526, "Bias": 27.215450139889736, "R2 score on training data": 0.834755716926888, "R2 score on validation data": 0.8371176134631761, "MSE on training data": 284.80262372429706, "MSE on validation data": 281.4607942058066, "Bounded MSE on training data": 259.72987184599236, "Bounded MSE on validation data": 257.0930069976985}, "Number of variables 12": {"ta": -32.52918806577523, "U": 2.120716701429238, "rh": 60.92794252599084, "rh_z": -3.28262442668309, "hus rh": 10.756276698477336, "clw cli": -8.889351535868135, "ta rh": -26.442116450071463, "pa hus_z": -3.3753715515368876, "pa U_z": -2.7673105697848293, "rh^2": 25.397471244074914, "rh pa_zz": 3.5057789541796103, "clw_z rh_z": 0.8283138259091878, "Bias": 27.39175589022923, "R2 score on training data": 0.8369180302058572, "R2 score on validation data": 0.8392200494319071, "MSE on training data": 281.0758231130357, "MSE on validation data": 277.82778446112144, "Bounded MSE on training data": 254.85778307450852, "Bounded MSE on validation data": 252.4445907393494}, "Number of variables 13": {"ta": -32.18681926161117, "U": 2.1257480502244945, "rh": 60.95071834995117, "rh_z": -3.4940773272678047, "hus rh": 10.6998833744674, "clw^2": -0.3637583524934751, "clw cli": -10.986514800987703, "ta rh": -26.073618500324496, "pa hus_z": -3.1232695822463445, "pa U_z": -2.804591426126909, "rh^2": 25.683408636837136, "rh pa_zz": 3.5762346862482635, "clw_z rh_z": 0.8776213440104925, "Bias": 27.21805772252741, "R2 score on training data": 0.839076355067147, "R2 score on validation data": 0.8413833102404662, "MSE on training data": 277.3558966386493, "MSE on validation data": 274.08966938190946, "Bounded MSE on training data": 252.07368131046147, "Bounded MSE on validation data": 249.65691910146413}, "Number of variables 14": {"ta": -29.778628257623748, "U": 2.1425229608057847, "rh": 59.071501906204006, "rh_z": -2.6533392699630474, "hus rh": 8.761187899859523, "clw^2": -0.8928172830116523, "clw cli": -9.208211764935593, "clw ta": 6.6006566193003255, "ta rh": -26.295843058278948, "pa hus_z": -3.619550128968165, "pa U_z": -2.4798881181277195, "rh^2": 24.992039324102556, "rh pa_zz": 3.2037748087770166, "clw_z rh_z": 0.80184696924817, "Bias": 27.556551929177388, "R2 score on training data": 0.8425145045549343, "R2 score on validation data": 0.8445328715769507, "MSE on training data": 271.4301606514928, "MSE on validation data": 268.6472268071477, "Bounded MSE on training data": 248.3880136912078, "Bounded MSE on validation data": 245.97317619670542}, "Number of variables 15": {"ta": -28.844394514592057, "U": 2.1090090852089673,