{"Number of variables 1": {"rh": 16.45605391806148, "Bias": 67.88418142397563, "R2 score on training data (regime)": 0.26021878207425675, "R2 score on validation data (regime)": 0.25935869588190974, "MSE on training data (regime)": 770.15749082825, "MSE on validation data (regime)": 761.6090836552557}, "Number of variables 2": {"ta": -22.562881743272502, "rh": 32.36130708332197, "Bias": 67.89595972946553, "R2 score on training data (regime)": 0.5301182526636965, "R2 score on validation data (regime)": 0.5305667501848592, "MSE on training data (regime)": 489.1756356415713, "MSE on validation data (regime)": 482.723047230989}, "Number of variables 3": {"ta": -20.34875343353101, "rh": 29.92137793843551, "clw cli": -12.18189969569531, "Bias": 65.94758023029831, "R2 score on training data (regime)": 0.5816754522761873, "R2 score on validation data (regime)": 0.582223692453701, "MSE on training data (regime)": 435.5014377496308, "MSE on validation data (regime)": 429.60368128818413}, "Number of variables 4": {"ta": -22.215456735843084, "rh": 31.81494969198864, "clw cli": -12.218609218224996, "rh rh_z": 4.369131855275245, "Bias": 65.2343488291448, "R2 score on training data (regime)": 0.6013555657690697, "R2 score on validation data (regime)": 0.6008567830363108, "MSE on training data (regime)": 415.01323602238057, "MSE on validation data (regime)": 410.44308227030353}, "Number of variables 5": {"ta": -26.650251211582972, "rh": 29.84234065690607, "clw cli": -11.090561422477167, "rh rh_z": 4.46106359602806, "ta^2 rh": 2.8716823353886554, "Bias": 67.41666948381287, "R2 score on training data (regime)": 0.6174241010252506, "R2 score on validation data (regime)": 0.6171512166108952, "MSE on training data (regime)": 398.2849081136451, "MSE on validation data (regime)": 393.68734834833754}, "Number of variables 6": {"ta": -31.299910757278358, "rh": 36.65266944332442, "clw cli": -10.210121990286014, "rh^2": 5.506174007145752, "rh rh_z": 4.094802794498669, "ta^2 rh": 4.407004042359894, "Bias": 63.185862828645, "R2 score on training data (regime)": 0.6400321230384689, "R2 score on validation data (regime)": 0.639010460612901, "MSE on training data (regime)": 374.74857455396045, "MSE on validation data (regime)": 371.2092625310903}, "Number of variables 7": {"ta": -33.953038537904064, "rh": 38.22721598645815, "clw cli": -9.232684822360337, "ta^2": 8.053976318639378, "rh^2": 7.0847989075867, "rh rh_z": 4.384278907508268, "ta^2 rh": 8.75118421065774, "Bias": 56.70830735869367, "R2 score on training data (regime)": 0.6662020873119214, "R2 score on validation data (regime)": 0.6642789638943885, "MSE on training data (regime)": 347.5040412628621, "MSE on validation data (regime)": 345.2254002720595}, "Number of variables 8": {"ta": -35.69861101009256, "rh": 41.08285779842609, "clw cli": -7.663410555339, "ta^2": 9.505866859999038, "ta rh_z": -7.237819093589059, "rh^2": 7.897758987752862, "rh rh_z": 5.019493642879112, "ta^2 rh": 9.527036449202356, "Bias": 55.12695967040827, "R2 score on training data (regime)": 0.6948245501478815, "R2 score on validation data (regime)": 0.6930655204498988, "MSE on training data (regime)": 317.7063069801833, "MSE on validation data (regime)": 315.6238875857824}, "Number of variables 9": {"ta": -36.23813690957189, "rh": 41.46723693652021, "clw cli": -7.182695148556881, "ta^2": 10.183010702442198, "ta rh_z": -6.1826494030499735, "rh^2": 8.17002703469507, "rh rh_z": 4.513401402709949, "ta^2 rh": 10.040977903175659, "rh_z pa^2": -4.061461660697531, "Bias": 55.01692014645107, "R2 score on training data (regime)": 0.7079544886520351, "R2 score on validation data (regime)": 0.7057074717022495, "MSE on training data (regime)": 304.0372380067355, "MSE on validation data (regime)": 302.6240388663245}, "Number of variables 10": {"ta": -36.509361339075205, "rh": 41.8213053077596, "clw cli": -6.627248233927178, "ta^2": 10.347137785234803, "ta rh_z": -6.149712030134431, "rh^2": 8.433605283781196, "rh rh_z": 3.613897515033141, "ta^2 rh": 10.252867577244146, "pa_zz pa^2": 5.060715510101843, "rh_z pa^2": -5.406243152943705, "Bias": 55.163728314250626, "R2 score on training data (regime)": 0.7210127629221506, "R2 score on validation data (regime)": 0.718938915854112, "MSE on training data (regime)": 290.4427758837073, "MSE on validation data (regime)": 289.0180085249097}}