{"Number of variables 1": {"rh": 16.45639708132913, "Bias": 67.91693696624354, "R2 score on training data (regime)": 0.2602077815423488, "R2 score on validation data (regime)": 0.2602726646148783, "MSE on training data (regime)": 769.2616319684436, "MSE on validation data (regime)": 760.4689575699316}, "Number of variables 2": {"ta": -22.59135194041886, "rh": 32.38794995784007, "Bias": 67.91604942451171, "R2 score on training data (regime)": 0.53022104591753, "R2 score on validation data (regime)": 0.530585999423477, "MSE on training data (regime)": 488.4924656754772, "MSE on validation data (regime)": 482.5761582831181}, "Number of variables 3": {"ta": -20.390360824247438, "rh": 29.964458929156944, "clw cli": -12.133463072354502, "Bias": 65.98163254586616, "R2 score on training data (regime)": 0.5814826467010483, "R2 score on validation data (regime)": 0.5820831173267552, "MSE on training data (regime)": 435.18887354219316, "MSE on validation data (regime)": 429.63508432730293}, "Number of variables 4": {"ta": -22.235235902467746, "rh": 31.83172797168819, "clw cli": -12.177118449324363, "rh rh_z": 4.347307742117838, "Bias": 65.27284160250862, "R2 score on training data (regime)": 0.6010498069842538, "R2 score on validation data (regime)": 0.6008561182957511, "MSE on training data (regime)": 414.84226097058706, "MSE on validation data (regime)": 410.3356968443204}, "Number of variables 5": {"ta": -23.005307772605367, "rh": 33.12959124471598, "clw cli": -11.21201236594817, "ta rh_z": -5.128670449366527, "rh rh_z": 4.807497533665894, "Bias": 65.34424686630575, "R2 score on training data (regime)": 0.6161386786580294, "R2 score on validation data (regime)": 0.6166876017312878, "MSE on training data (regime)": 399.1523283669022, "MSE on validation data (regime)": 394.0603057250505}, "Number of variables 6": {"ta": -25.191850686268022, "rh": 38.60575480115895, "hus rh": 8.216231411801232, "clw cli": -10.226422135405057, "ta rh_z": -7.038357973147063, "rh rh_z": 5.450274765325923, "Bias": 60.78242562687174, "R2 score on training data (regime)": 0.6419422009705313, "R2 score on validation data (regime)": 0.641991448940552, "MSE on training data (regime)": 372.32093005072, "MSE on validation data (regime)": 368.04695000700116}, "Number of variables 7": {"ta": -35.66703874486455, "rh": 44.77406460740144, "hus rh": 22.9444944446791, "clw cli": -7.81825596614851, "ta rh": -13.06490941509314, "ta rh_z": -6.946583358289731, "rh rh_z": 4.812135117016761, "Bias": 62.214174440992025, "R2 score on training data (regime)": 0.6788664043024497, "R2 score on validation data (regime)": 0.6790194865158556, "MSE on training data (regime)": 333.9258615361244, "MSE on validation data (regime)": 329.98066289177467}, "Number of variables 8": {"ta": -37.750462615761506, "rh": 48.89072711466778, "hus rh": 21.750097257933493, "clw cli": -7.591777518716526, "ta rh": -14.667249094849788, "ta rh_z": -6.877748831881208, "rh^2": 3.6537261368228258, "rh rh_z": 4.2990480569723095, "Bias": 60.47898748779412, "R2 score on training data (regime)": 0.6853325821097856, "R2 score on validation data (regime)": 0.6853216298873479, "MSE on training data (regime)": 327.202105367075, "MSE on validation data (regime)": 323.5018102511867}, "Number of variables 9": {"ta": -44.91780546598187, "rh": 51.58051556238023, "hus_z": -7.075447691770684, "hus rh": 21.22023955645887, "clw cli": -7.4774443187949196, "ta rh": -17.194698632022636, "ta rh_z": -2.3789462564679793, "rh^2": 5.226556576951889, "rh rh_z": 3.0614988356178214, "Bias": 61.207679535614204, "R2 score on training data (regime)": 0.6984575016436214, "R2 score on validation data (regime)": 0.6972407075758846, "MSE on training data (regime)": 313.5543583806271, "MSE on validation data (regime)": 311.24852697853674}, "Number of variables 10": {"ta": -42.94862304170191, "U": 3.013964909093229, "rh": 50.927972595258495, "hus_z": -6.880561391369687, "hus rh": 20.929473010285026, "clw cli": -7.319571298479186, "ta rh": -16.83973121319967, "ta rh_z": -2.6680835629872584, "rh^2": 5.040041658261522, "rh rh_z": 2.9888874991873546, "Bias": 61.34309883104799, "R2 score on training data (regime)": 0.7059534724495273, "R2 score on validation data (regime)": 0.7047157149459111, "MSE on training data (regime)": 305.75978770055025, "MSE on validation data (regime)": 303.5639237597681}}