{"Number of variables 1": {"rh": 16.455672490572248, "Bias": 67.91523717466099, "R2 score on training data (regime)": 0.2601405500058537, "R2 score on validation data (regime)": 0.2594669799113487, "MSE on training data (regime)": 769.0625839585881, "MSE on validation data (regime)": 761.3358328711148}, "Number of variables 2": {"ta": -22.592437945924356, "rh": 32.37894918669159, "Bias": 67.91394462979284, "R2 score on training data (regime)": 0.5310962814790472, "R2 score on validation data (regime)": 0.5310023225624578, "MSE on training data (regime)": 487.41190694579575, "MSE on validation data (regime)": 482.1726076762713}, "Number of variables 3": {"ta": -20.39793655069421, "rh": 29.966545025416853, "clw cli": -12.07302846909113, "Bias": 65.99031866358247, "R2 score on training data (regime)": 0.5821683846860579, "R2 score on validation data (regime)": 0.5822047550990003, "MSE on training data (regime)": 434.32392697758127, "MSE on validation data (regime)": 429.53181305570337}, "Number of variables 4": {"ta": -22.261252255962386, "rh": 31.84444015058276, "clw cli": -12.112148036947962, "rh rh_z": 4.39416187039128, "Bias": 65.27827732157577, "R2 score on training data (regime)": 0.6017101098878072, "R2 score on validation data (regime)": 0.6011054385753333, "MSE on training data (regime)": 414.0108665999855, "MSE on validation data (regime)": 410.1001777255669}, "Number of variables 5": {"ta": -23.01865624625622, "rh": 33.14589658995952, "clw cli": -11.144483379474236, "ta rh_z": -5.186921466872601, "rh rh_z": 4.843269255219964, "Bias": 65.35336993150108, "R2 score on training data (regime)": 0.6169305290431799, "R2 score on validation data (regime)": 0.6165783511505878, "MSE on training data (regime)": 398.18967936684766, "MSE on validation data (regime)": 394.192605121967}, "Number of variables 6": {"ta": -25.21215032103491, "rh": 38.64476385438582, "hus rh": 8.243255234689014, "clw cli": -10.156765133008198, "ta rh_z": -7.118372162021614, "rh rh_z": 5.472604385287282, "Bias": 60.78207048565048, "R2 score on training data (regime)": 0.6428943138384491, "R2 score on validation data (regime)": 0.6421274602041809, "MSE on training data (regime)": 371.2010730522938, "MSE on validation data (regime)": 367.9257788052909}, "Number of variables 7": {"ta": -35.76127377670567, "rh": 44.86660248880307, "hus rh": 23.034314413936343, "clw cli": -7.735622021802083, "ta rh": -13.1506679919491, "ta rh_z": -7.034889671708013, "rh rh_z": 4.799308258302457, "Bias": 62.23862708003003, "R2 score on training data (regime)": 0.6803442248082003, "R2 score on validation data (regime)": 0.6788951099971906, "MSE on training data (regime)": 332.27296947850834, "MSE on validation data (regime)": 330.1252641509633}, "Number of variables 8": {"ta": -37.78492197717475, "rh": 48.918294610887145, "hus rh": 21.795450467095428, "clw cli": -7.51658804874735, "ta rh": -14.680215800238383, "ta rh_z": -6.972059046553632, "rh^2": 3.604298636725229, "rh rh_z": 4.271268644890452, "Bias": 60.52808735090018, "R2 score on training data (regime)": 0.6865577429294742, "R2 score on validation data (regime)": 0.6851776655936221, "MSE on training data (regime)": 325.81419639416356, "MSE on validation data (regime)": 323.6662210457745}, "Number of variables 9": {"ta": -44.88122419192904, "rh": 51.559431765324476, "hus_z": -7.019307916823518, "hus rh": 21.233560569139343, "clw cli": -7.416909930522177, "ta rh": -17.166996965898775, "ta rh_z": -2.4547476748715726, "rh^2": 5.159593411547608, "rh rh_z": 3.0543805818743484, "Bias": 61.26009771447119, "R2 score on training data (regime)": 0.6994624108241669, "R2 score on validation data (regime)": 0.6970531159217244, "MSE on training data (regime)": 312.4001658829654, "MSE on validation data (regime)": 311.45716942889584}, "Number of variables 10": {"ta": -42.89374841236537, "U": 3.031724235268605, "rh": 50.907788297072, "hus_z": -6.816787087732882, "hus rh": 20.929888697391114, "clw cli": -7.263845275916329, "ta rh": -16.801369228478155, "ta rh_z": -2.7585546112165042, "rh^2": 4.978361442946493, "rh rh_z": 2.9812714152323547, "Bias": 61.38977620903447, "R2 score on training data (regime)": 0.707023707810883, "R2 score on validation data (regime)": 0.7045748804836627, "MSE on training data (regime)": 304.54041549560714, "MSE on validation data (regime)": 303.7241059029262}}