{"Number of variables 1": {"rh": 16.464343343484398, "Bias": 67.90465704779974, "R2 score on training data (regime)": 0.26024669309664916, "R2 score on validation data (regime)": 0.25965336717295506, "MSE on training data (regime)": 771.3727038660977, "MSE on validation data (regime)": 760.4631486165475}, "Number of variables 2": {"ta": -22.540810969262193, "rh": 32.34527733856546, "Bias": 67.91152146930854, "R2 score on training data (regime)": 0.5292065742243933, "R2 score on validation data (regime)": 0.5301583034988945, "MSE on training data (regime)": 490.9166264130798, "MSE on validation data (regime)": 482.6081189944988}, "Number of variables 3": {"ta": -20.32380517904748, "rh": 29.90868731438095, "clw cli": -12.141018836920482, "Bias": 65.9640753819523, "R2 score on training data (regime)": 0.5807692802913482, "R2 score on validation data (regime)": 0.5816401609273039, "MSE on training data (regime)": 437.1499671411987, "MSE on validation data (regime)": 429.7274092556833}, "Number of variables 4": {"ta": -22.198283992677254, "rh": 31.803236943771633, "clw cli": -12.169812221852748, "rh rh_z": 4.385006081991042, "Bias": 65.24937870845972, "R2 score on training data (regime)": 0.6008229960340956, "R2 score on validation data (regime)": 0.6005113119211252, "MSE on training data (regime)": 416.23909213639627, "MSE on validation data (regime)": 410.34349600955903}, "Number of variables 5": {"ta": -22.958602336523263, "rh": 33.098521161215295, "clw cli": -11.213015004381761, "ta rh_z": -5.129720583000047, "rh rh_z": 4.839275410141059, "Bias": 65.32175718375781, "R2 score on training data (regime)": 0.6157502145683844, "R2 score on validation data (regime)": 0.6161545143326195, "MSE on training data (regime)": 400.67383705129953, "MSE on validation data (regime)": 394.2752403671104}, "Number of variables 6": {"ta": -25.14085401259171, "rh": 38.570648128881025, "hus rh": 8.210119799668838, "clw cli": -10.232341200163301, "ta rh_z": -7.047668680570407, "rh rh_z": 5.473167832526188, "Bias": 60.76087420254451, "R2 score on training data (regime)": 0.6415984041411513, "R2 score on validation data (regime)": 0.641683989191813, "MSE on training data (regime)": 373.7208140709053, "MSE on validation data (regime)": 368.05208492461827}, "Number of variables 7": {"ta": -35.60867667266032, "rh": 44.72030614679866, "hus rh": 22.900138735491318, "clw cli": -7.827735421805863, "ta rh": -13.055573840826963, "ta rh_z": -6.943842618376927, "rh rh_z": 4.81946091652998, "Bias": 62.208054331593516, "R2 score on training data (regime)": 0.6785508002197305, "R2 score on validation data (regime)": 0.678324841937324, "MSE on training data (regime)": 335.1889556642369, "MSE on validation data (regime)": 330.4156359811731}, "Number of variables 8": {"ta": -37.70520018832151, "rh": 48.87250496860047, "hus rh": 21.6759546010655, "clw cli": -7.598773544766623, "ta rh": -14.646299393887983, "ta rh_z": -6.88239034576082, "rh^2": 3.666912910795954, "rh rh_z": 4.305579243625529, "Bias": 60.468360042349346, "R2 score on training data (regime)": 0.6850165253521352, "R2 score on validation data (regime)": 0.6847553918698726, "MSE on training data (regime)": 328.4468649817147, "MSE on validation data (regime)": 323.8103567346554}, "Number of variables 9": {"ta": -44.92838794707282, "rh": 51.5762938085301, "hus_z": -7.13172479581139, "hus rh": 21.137505195110602, "clw cli": -7.485157784550234, "ta rh": -17.186078888854073, "ta rh_z": -2.3095404070507106, "rh^2": 5.245354799931988, "rh rh_z": 3.0618504563454967, "Bias": 61.208264039260676, "R2 score on training data (regime)": 0.6983301871754585, "R2 score on validation data (regime)": 0.6966129548904372, "MSE on training data (regime)": 314.56413512680456, "MSE on validation data (regime)": 311.6306029413478}, "Number of variables 10": {"ta": -42.94601962000002, "U": 3.010750863005832, "rh": 50.92426349970857, "hus_z": -6.925965700347724, "hus rh": 20.841506836936723, "clw cli": -7.337874975615466, "ta rh": -16.827254317870512, "ta rh_z": -2.6126744551406573, "rh^2": 5.0652317290433615, "rh rh_z": 2.987901592355241, "Bias": 61.33517202402528, "R2 score on training data (regime)": 0.7057938900251148, "R2 score on validation data (regime)": 0.7042364335764788, "MSE on training data (regime)": 306.7814100017317, "MSE on validation data (regime)": 303.7999809759844}}