{"Number of variables 1": {"rh": 16.46847594194963, "Bias": 67.90903969759208, "R2 score on training data (regime)": 0.2603093375637202, "R2 score on validation data (regime)": 0.2589990364422694, "MSE on training data (regime)": 769.7433947201334, "MSE on validation data (regime)": 761.3804800483903}, "Number of variables 2": {"ta": -22.60798921302606, "rh": 32.44595338483234, "Bias": 67.89173435584597, "R2 score on training data (regime)": 0.5306054928325241, "R2 score on validation data (regime)": 0.5305818676540166, "MSE on training data (regime)": 488.4654352943141, "MSE on validation data (regime)": 482.3283916298963}, "Number of variables 3": {"ta": -20.388838914684857, "rh": 30.0015246839891, "clw cli": -12.171735647697357, "Bias": 65.95065203587114, "R2 score on training data (regime)": 0.5821068673398292, "R2 score on validation data (regime)": 0.5818656152093388, "MSE on training data (regime)": 434.8716225571944, "MSE on validation data (regime)": 429.63420329189483}, "Number of variables 4": {"ta": -22.220014716992726, "rh": 31.850273256330357, "clw cli": -12.207613827496818, "rh rh_z": 4.341860664833041, "Bias": 65.2479368549124, "R2 score on training data (regime)": 0.6014094313445867, "R2 score on validation data (regime)": 0.6002088379041222, "MSE on training data (regime)": 414.784818845373, "MSE on validation data (regime)": 410.7864927114206}, "Number of variables 5": {"ta": -23.004017920935837, "rh": 33.17432193930571, "clw cli": -11.243801797080035, "ta rh_z": -5.195001041553315, "rh rh_z": 4.8624695122305175, "Bias": 65.31044438953712, "R2 score on training data (regime)": 0.6164362164993898, "R2 score on validation data (regime)": 0.6160557115676454, "MSE on training data (regime)": 399.1475136796008, "MSE on validation data (regime)": 394.5037874646283}, "Number of variables 6": {"ta": -25.19143985953498, "rh": 38.64920260680514, "hus rh": 8.200566824611556, "clw cli": -10.259598833211328, "ta rh_z": -7.119528657046333, "rh rh_z": 5.526563071457535, "Bias": 60.75041406291906, "R2 score on training data (regime)": 0.6420711537734498, "R2 score on validation data (regime)": 0.6420151456904231, "MSE on training data (regime)": 372.4710600715732, "MSE on validation data (regime)": 367.83039918819713}, "Number of variables 7": {"ta": -35.64088717700401, "rh": 44.7873219981947, "hus rh": 22.888816644284184, "clw cli": -7.847579655168835, "ta rh": -13.043724055842333, "ta rh_z": -6.994403315837351, "rh rh_z": 4.877416631367774, "Bias": 62.19158949169835, "R2 score on training data (regime)": 0.6792395171796848, "R2 score on validation data (regime)": 0.6785464229766371, "MSE on training data (regime)": 333.79259125019416, "MSE on validation data (regime)": 330.2944136701546}, "Number of variables 8": {"ta": -37.7116819512376, "rh": 48.87248068079089, "hus rh": 21.699407939698773, "clw cli": -7.6239068188750245, "ta rh": -14.639178471852087, "ta rh_z": -6.908145405738676, "rh^2": 3.631849194491128, "rh rh_z": 4.359104855695664, "Bias": 60.47421850487947, "R2 score on training data (regime)": 0.6855216954895368, "R2 score on validation data (regime)": 0.6847705220657312, "MSE on training data (regime)": 327.2551756736129, "MSE on validation data (regime)": 323.8991351410006}, "Number of variables 9": {"ta": -44.90512275359235, "rh": 51.55620192588023, "hus_z": -7.106391001875405, "hus rh": 21.147970331440852, "clw cli": -7.522771028000903, "ta rh": -17.197184431955137, "ta rh_z": -2.268067802463666, "rh^2": 5.231004112636615, "rh rh_z": 3.0688086503705114, "Bias": 61.220552339646595, "R2 score on training data (regime)": 0.6986484009222769, "R2 score on validation data (regime)": 0.6965356859108682, "MSE on training data (regime)": 313.5951481588556, "MSE on validation data (regime)": 311.81039769422335}, "Number of variables 10": {"ta": -42.932473812853736, "U": 3.0082404689446847, "rh": 50.90654429662763, "hus_z": -6.902532150333734, "hus rh": 20.858692325859096, "clw cli": -7.365900466636319, "ta rh": -16.838425240148162, "ta rh_z": -2.573176051144915, "rh^2": 5.047784235601707, "rh rh_z": 3.002047820630278, "Bias": 61.34704375969107, "R2 score on training data (regime)": 0.7061328229307069, "R2 score on validation data (regime)": 0.704085671171869, "MSE on training data (regime)": 305.8066431839354, "MSE on validation data (regime)": 304.0527675627056}}