{"Number of variables 1": {"rh": 16.464343343484398, "Bias": 67.90465704779974, "R2 score on training data (regime)": 0.26024669309664916, "R2 score on validation data (regime)": 0.25965336717295506, "MSE on training data (regime)": 771.3727038660977, "MSE on validation data (regime)": 760.4631486165475}, "Number of variables 2": {"ta": -22.540810969262193, "rh": 32.34527733856546, "Bias": 67.91152146930854, "R2 score on training data (regime)": 0.5292065742243933, "R2 score on validation data (regime)": 0.5301583034988945, "MSE on training data (regime)": 490.9166264130798, "MSE on validation data (regime)": 482.6081189944988}, "Number of variables 3": {"ta": -20.32380517904748, "rh": 29.90868731438095, "clw cli": -12.141018836920482, "Bias": 65.9640753819523, "R2 score on training data (regime)": 0.5807692802913482, "R2 score on validation data (regime)": 0.5816401609273039, "MSE on training data (regime)": 437.1499671411987, "MSE on validation data (regime)": 429.7274092556833}, "Number of variables 4": {"ta": -22.198283992677254, "rh": 31.803236943771633, "clw cli": -12.169812221852748, "rh rh_z": 4.385006081991042, "Bias": 65.24937870845972, "R2 score on training data (regime)": 0.6008229960340956, "R2 score on validation data (regime)": 0.6005113119211252, "MSE on training data (regime)": 416.23909213639627, "MSE on validation data (regime)": 410.34349600955903}, "Number of variables 5": {"ta": -26.642355122408457, "rh": 29.82520812348084, "clw cli": -11.042716573409091, "rh rh_z": 4.480361738759113, "ta^2 rh": 2.880175544848427, "Bias": 67.43438270487437, "R2 score on training data (regime)": 0.6170736544446732, "R2 score on validation data (regime)": 0.6166609180507481, "MSE on training data (regime)": 399.2938291672517, "MSE on validation data (regime)": 393.75507677227023}, "Number of variables 6": {"ta": -31.29777977539631, "rh": 36.64458613136057, "clw cli": -10.181687821675334, "rh^2": 5.5026903950485035, "rh rh_z": 4.141652690234656, "ta^2 rh": 4.414085771728537, "Bias": 63.19633030527013, "R2 score on training data (regime)": 0.6395897633491712, "R2 score on validation data (regime)": 0.6386147764645087, "MSE on training data (regime)": 375.81531052579965, "MSE on validation data (regime)": 371.2046935418375}, "Number of variables 7": {"ta": -33.94235261540517, "rh": 38.21476273960556, "clw cli": -9.210186789514623, "ta^2": 8.036768357261437, "rh^2": 7.079846609940885, "rh rh_z": 4.437782640087351, "ta^2 rh": 8.750189059869868, "Bias": 56.7276645914059, "R2 score on training data (regime)": 0.6656179395423885, "R2 score on validation data (regime)": 0.663843345804612, "MSE on training data (regime)": 348.674607727308, "MSE on validation data (regime)": 345.2906197488555}, "Number of variables 8": {"ta": -35.67794849622221, "rh": 41.049068448766654, "clw cli": -7.687936875590008, "ta^2": 9.470987214845797, "ta rh_z": -7.110886717048499, "rh^2": 7.888511236331803, "rh rh_z": 5.082820590878156, "ta^2 rh": 9.51778762044809, "Bias": 55.15136867741405, "R2 score on training data (regime)": 0.6940814212780755, "R2 score on validation data (regime)": 0.6927914335825536, "MSE on training data (regime)": 318.99450672200254, "MSE on validation data (regime)": 315.5559616820248}, "Number of variables 9": {"ta": -36.212096294299876, "rh": 41.43039764231553, "clw cli": -7.2092737345068825, "ta^2": 10.140895485579573, "ta rh_z": -6.069565677993678, "rh^2": 8.16481596093321, "rh rh_z": 4.568852019824712, "ta^2 rh": 10.029531240421747, "rh_z pa^2": -4.047462199274532, "Bias": 55.04311981134931, "R2 score on training data (regime)": 0.7072198532570817, "R2 score on validation data (regime)": 0.7051974323213064, "MSE on training data (regime)": 305.29449658939376, "MSE on validation data (regime)": 302.8128702106965}, "Number of variables 10": {"ta": -36.501182774691266, "rh": 41.80312787040589, "clw cli": -6.632658281276811, "ta^2": 10.318390217788828, "ta rh_z": -6.0725862544701705, "rh^2": 8.431289283496437, "rh rh_z": 3.6679032148946837, "ta^2 rh": 10.251830659815823, "pa_zz pa^2": 5.128068024458272, "rh_z pa^2": -5.425095856987048, "Bias": 55.1957334679826, "R2 score on training data (regime)": 0.7208957975428594, "R2 score on validation data (regime)": 0.7183693212133624, "MSE on training data (regime)": 291.03399917329943, "MSE on validation data (regime)": 289.2830780080483}}