{"Number of variables 1": {"rh": 16.46847594194963, "Bias": 67.90903969759208, "R2 score on training data (regime)": 0.2603093375637202, "R2 score on validation data (regime)": 0.2589990364422694, "MSE on training data (regime)": 769.7433947201334, "MSE on validation data (regime)": 761.3804800483903}, "Number of variables 2": {"ta": -22.60798921302606, "rh": 32.44595338483234, "Bias": 67.89173435584597, "R2 score on training data (regime)": 0.5306054928325241, "R2 score on validation data (regime)": 0.5305818676540166, "MSE on training data (regime)": 488.4654352943141, "MSE on validation data (regime)": 482.3283916298963}, "Number of variables 3": {"ta": -20.388838914684857, "rh": 30.0015246839891, "clw cli": -12.171735647697357, "Bias": 65.95065203587114, "R2 score on training data (regime)": 0.5821068673398292, "R2 score on validation data (regime)": 0.5818656152093388, "MSE on training data (regime)": 434.8716225571944, "MSE on validation data (regime)": 429.63420329189483}, "Number of variables 4": {"ta": -24.69227726929069, "rh": 28.02622382956057, "clw cli": -11.062032209871635, "ta^2 rh": 2.815406800092383, "Bias": 68.10283704821586, "R2 score on training data (regime)": 0.5980810015099068, "R2 score on validation data (regime)": 0.5976522340502244, "MSE on training data (regime)": 418.2484787374633, "MSE on validation data (regime)": 413.4134100371799}, "Number of variables 5": {"ta": -29.68921059520887, "rh": 35.242176385832174, "clw cli": -10.161763119478127, "rh^2": 5.7424844837572255, "ta^2 rh": 4.425457116649426, "Bias": 63.63554754611585, "R2 score on training data (regime)": 0.624572361711589, "R2 score on validation data (regime)": 0.6236546721395181, "MSE on training data (regime)": 390.68080677952065, "MSE on validation data (regime)": 386.6958350696643}, "Number of variables 6": {"ta": -31.433611691342822, "rh": 37.66541546772851, "rh_z": -4.9585956449433635, "clw cli": -8.962389042473745, "rh^2": 6.219412765968729, "ta^2 rh": 4.554526291810998, "Bias": 63.440901092994686, "R2 score on training data (regime)": 0.6524004110177382, "R2 score on validation data (regime)": 0.6512883720345618, "MSE on training data (regime)": 361.7221376639702, "MSE on validation data (regime)": 358.3021342159105}, "Number of variables 7": {"ta": -34.73376777978645, "rh": 39.89447366123524, "rh_z": -6.032928270664859, "clw cli": -7.570224522295433, "ta^2": 9.243877275256846, "rh^2": 8.169950005789016, "ta^2 rh": 9.578888468149977, "Bias": 55.98684502743405, "R2 score on training data (regime)": 0.6898597277796883, "R2 score on validation data (regime)": 0.6881080264080337, "MSE on training data (regime)": 322.74089440578024, "MSE on validation data (regime)": 320.46984046626045}, "Number of variables 8": {"ta": -35.78526120144548, "rh": 41.14745429001036, "rh_z": -7.456682096613231, "clw cli": -6.7641749023632896, "ta^2": 9.59633069632723, "rh^2": 8.525899068458173, "ta^2 rh": 9.896104251127081, "pa_zz pa^2": 6.2560604646882645, "Bias": 55.742260616628066, "R2 score on training data (regime)": 0.7076925919017665, "R2 score on validation data (regime)": 0.7059096000467123, "MSE on training data (regime)": 304.18350269598045, "MSE on validation data (regime)": 302.17867574555765}, "Number of variables 9": {"ta": -36.505222284851, "rh": 41.63597885964655, "rh_z": -6.818937818044286, "clw cli": -6.994823772190047, "ta^2": 9.683566903550618, "rh^2": 8.30649726951552, "rh rh_z": 2.5099751062313493, "ta^2 rh": 9.904994777429266, "pa_zz pa^2": 5.4300853920827254, "Bias": 55.42588030900665, "R2 score on training data (regime)": 0.7124658537268426, "R2 score on validation data (regime)": 0.7104168877520562, "MSE on training data (regime)": 299.2163090463802, "MSE on validation data (regime)": 297.5474255237843}, "Number of variables 10": {"ta": -37.005210759736244, "rh": 42.6512221074311, "rh_z": -5.1772728972903375, "clw cli": -6.4893856168200035, "ta^2": 10.181638529519452, "ta rh_z": -4.592155738386591, "rh^2": 8.54763646029161, "rh rh_z": 3.266467916181252, "ta^2 rh": 10.118635847116185, "pa_zz pa^2": 5.150699452992797, "Bias": 54.78353710021439, "R2 score on training data (regime)": 0.7198626855602231, "R2 score on validation data (regime)": 0.7183671737707019, "MSE on training data (regime)": 291.5189529288278, "MSE on validation data (regime)": 289.37848528876015}}