{"Number of variables 1": {"rh": 16.46403055828821, "Bias": 67.87978257613969, "R2 score on training data (regime)": 0.25992442355843437, "R2 score on validation data (regime)": 0.2594467977504845, "MSE on training data (regime)": 771.1297511086498, "MSE on validation data (regime)": 760.7465657462556}, "Number of variables 2": {"ta": -22.605608632240873, "rh": 32.4205255086757, "Bias": 67.8733020532229, "R2 score on training data (regime)": 0.5306226626939029, "R2 score on validation data (regime)": 0.5305110575752237, "MSE on training data (regime)": 489.07279312367643, "MSE on validation data (regime)": 482.29094077315324}, "Number of variables 3": {"ta": -20.390828794558022, "rh": 29.979445146763663, "clw cli": -12.160726430885928, "Bias": 65.92912480490531, "R2 score on training data (regime)": 0.5820882163061274, "R2 score on validation data (regime)": 0.5819043981745182, "MSE on training data (regime)": 435.44770291534275, "MSE on validation data (regime)": 429.49620942315926}, "Number of variables 4": {"ta": -22.237995257755532, "rh": 31.851804474865755, "clw cli": -12.206557945018943, "rh rh_z": 4.36135233388215, "Bias": 65.2226544524816, "R2 score on training data (regime)": 0.6014432120991773, "R2 score on validation data (regime)": 0.6007159678027583, "MSE on training data (regime)": 415.28055571617824, "MSE on validation data (regime)": 410.1716869614248}, "Number of variables 5": {"ta": -23.00363973464371, "rh": 33.15254518602373, "clw cli": -11.242099357348366, "ta rh_z": -5.159942153293407, "rh rh_z": 4.84382093877183, "Bias": 65.2924903525436, "R2 score on training data (regime)": 0.6165122883281346, "R2 score on validation data (regime)": 0.6165363488541145, "MSE on training data (regime)": 399.57916876088177, "MSE on validation data (regime)": 393.9199166401869}, "Number of variables 6": {"ta": -25.173574484366924, "rh": 38.601257659598645, "hus rh": 8.183198080853808, "clw cli": -10.254237382930492, "ta rh_z": -7.05682678992307, "rh rh_z": 5.479399482282896, "Bias": 60.751451963616375, "R2 score on training data (regime)": 0.6420429033116708, "R2 score on validation data (regime)": 0.6420920162549225, "MSE on training data (regime)": 372.9772683542149, "MSE on validation data (regime)": 367.66739872322586}, "Number of variables 7": {"ta": -35.66524991848695, "rh": 44.773301116753466, "hus rh": 22.924949009047992, "clw cli": -7.846017311867319, "ta rh": -13.093080335559439, "ta rh_z": -6.943803085055601, "rh rh_z": 4.805591597490552, "Bias": 62.19483737893171, "R2 score on training data (regime)": 0.6792181139456622, "R2 score on validation data (regime)": 0.6790653442226471, "MSE on training data (regime)": 334.2421555682509, "MSE on validation data (regime)": 329.6858841065631}, "Number of variables 8": {"ta": -37.74299427402502, "rh": 48.89164915260462, "hus rh": 21.704754369340755, "clw cli": -7.614653598076791, "ta rh": -14.67702364331184, "ta rh_z": -6.867811093256867, "rh^2": 3.6557922452083993, "rh rh_z": 4.281105475534668, "Bias": 60.46678785092318, "R2 score on training data (regime)": 0.6856271210391758, "R2 score on validation data (regime)": 0.6851475061977709, "MSE on training data (regime)": 327.5642213109989, "MSE on validation data (regime)": 323.43787407725944}, "Number of variables 9": {"ta": -44.90818058810507, "rh": 51.57509205271761, "hus_z": -7.067777339642422, "hus rh": 21.1740140677761, "clw cli": -7.498334626720855, "ta rh": -17.207044896665657, "ta rh_z": -2.336869838571091, "rh^2": 5.227363170274284, "rh rh_z": 3.044107128989424, "Bias": 61.20229245727254, "R2 score on training data (regime)": 0.6987636243240143, "R2 score on validation data (regime)": 0.6971144581827279, "MSE on training data (regime)": 313.87649963643383, "MSE on validation data (regime)": 311.14460791170575}, "Number of variables 10": {"ta": -42.92217413720945, "U": 3.030438932337521, "rh": 50.92102737381366, "hus_z": -6.870019277256256, "hus rh": 20.86438500188448, "clw cli": -7.350794943594539, "ta rh": -16.837351568899706, "ta rh_z": -2.634109479654463, "rh^2": 5.044782579878696, "rh rh_z": 2.9755191756331687, "Bias": 61.3336175604112, "R2 score on training data (regime)": 0.7063006071528176, "R2 score on validation data (regime)": 0.7046580674253364, "MSE on training data (regime)": 306.0232588622543, "MSE on validation data (regime)": 303.39529995217777}}