{"Number of variables 1": {"rh": 16.45639708132913, "Bias": 67.91693696624354, "R2 score on training data (regime)": 0.2602077815423488, "R2 score on validation data (regime)": 0.2602726646148783, "MSE on training data (regime)": 769.2616319684436, "MSE on validation data (regime)": 760.4689575699316}, "Number of variables 2": {"ta": -22.59135194041886, "rh": 32.38794995784007, "Bias": 67.91604942451171, "R2 score on training data (regime)": 0.53022104591753, "R2 score on validation data (regime)": 0.530585999423477, "MSE on training data (regime)": 488.4924656754772, "MSE on validation data (regime)": 482.5761582831181}, "Number of variables 3": {"ta": -20.390360824247438, "rh": 29.964458929156944, "clw cli": -12.133463072354502, "Bias": 65.98163254586616, "R2 score on training data (regime)": 0.5814826467010483, "R2 score on validation data (regime)": 0.5820831173267552, "MSE on training data (regime)": 435.18887354219316, "MSE on validation data (regime)": 429.63508432730293}, "Number of variables 4": {"ta": -22.235235902467746, "rh": 31.83172797168819, "clw cli": -12.177118449324363, "rh rh_z": 4.347307742117838, "Bias": 65.27284160250862, "R2 score on training data (regime)": 0.6010498069842538, "R2 score on validation data (regime)": 0.6008561182957511, "MSE on training data (regime)": 414.84226097058706, "MSE on validation data (regime)": 410.3356968443204}, "Number of variables 5": {"ta": -26.66647286504262, "rh": 29.864037440000697, "clw cli": -11.051872439938998, "rh rh_z": 4.448043128009245, "ta^2 rh": 2.871448440701389, "Bias": 67.4497298580846, "R2 score on training data (regime)": 0.6171817176438776, "R2 score on validation data (regime)": 0.6173770132023808, "MSE on training data (regime)": 398.0677402184446, "MSE on validation data (regime)": 393.35156346600456}, "Number of variables 6": {"ta": -31.284938378757456, "rh": 36.620228817769174, "clw cli": -10.195225970505858, "rh^2": 5.486671991523945, "rh rh_z": 4.1151352698622805, "ta^2 rh": 4.4034395193261915, "Bias": 63.22654013796554, "R2 score on training data (regime)": 0.6394868673245961, "R2 score on validation data (regime)": 0.639162782647898, "MSE on training data (regime)": 374.87407121708287, "MSE on validation data (regime)": 370.9549308318111}, "Number of variables 7": {"ta": -33.94316699368244, "rh": 38.19611748305048, "clw cli": -9.224676375039719, "ta^2": 8.040552398662566, "rh^2": 7.07234384841874, "rh rh_z": 4.413333553126682, "ta^2 rh": 8.750177298150508, "Bias": 56.75831369659502, "R2 score on training data (regime)": 0.6656166595608979, "R2 score on validation data (regime)": 0.6643750135343425, "MSE on training data (regime)": 347.7034061070868, "MSE on validation data (regime)": 345.0357603171176}, "Number of variables 8": {"ta": -35.694220730845636, "rh": 41.02498533079924, "clw cli": -7.691436509982279, "ta^2": 9.490243318632293, "ta rh_z": -7.100472510012284, "rh^2": 7.881052528402034, "rh rh_z": 5.067163447252977, "ta^2 rh": 9.52794454053965, "Bias": 55.173374013970985, "R2 score on training data (regime)": 0.694226402331449, "R2 score on validation data (regime)": 0.6934734821495951, "MSE on training data (regime)": 317.95400233563925, "MSE on validation data (regime)": 315.121383713471}, "Number of variables 9": {"ta": -36.238387672773, "rh": 41.40242614940608, "clw cli": -7.217851573731006, "ta^2": 10.160499243021793, "ta rh_z": -6.070375369815507, "rh^2": 8.151180124307368, "rh rh_z": 4.580324293921165, "ta^2 rh": 10.042794085981146, "rh_z pa^2": -3.9947505241826256, "Bias": 55.05846432007284, "R2 score on training data (regime)": 0.7070745929053917, "R2 score on validation data (regime)": 0.7057130102705823, "MSE on training data (regime)": 304.5940077288314, "MSE on validation data (regime)": 302.53866472219687}, "Number of variables 10": {"ta": -36.537246772016836, "rh": 41.79147603996386, "clw cli": -6.622588083408298, "ta^2": 10.358005418744604, "ta rh_z": -6.079588868656637, "rh^2": 8.435255759434263, "rh rh_z": 3.63519838738875, "ta^2 rh": 10.280780113090149, "pa_zz pa^2": 5.10633978831895, "rh_z pa^2": -5.42564262047363, "Bias": 55.199460575036795, "R2 score on training data (regime)": 0.7209734187084714, "R2 score on validation data (regime)": 0.7191985230705602, "MSE on training data (regime)": 290.14152613607683, "MSE on validation data (regime)": 288.67502420125277}}