{"Number of variables 1": {"rh": 31.416256051636132, "Bias": 44.57516832415483, "R2 score on training data": 0.5722940873965916, "R2 score on validation data": 0.5764691094010028, "MSE on training data": 737.1617572872416, "MSE on validation data": 731.8614576643399, "Bounded MSE on training data": 725.5103295889421, "Bounded MSE on validation data": 719.7680870591912}, "Number of variables 2": {"ta": -15.58997186977338, "rh": 41.35277673316375, "Bias": 44.58755352295619, "R2 score on training data": 0.65581779376724, "R2 score on validation data": 0.6610681026970415, "MSE on training data": 593.2065760540511, "MSE on validation data": 585.67438152685, "Bounded MSE on training data": 544.1684923097778, "Bounded MSE on validation data": 537.5561778154064}, "Number of variables 3": {"ta": -19.428798911061094, "rh": 38.71917916215148, "clw ta^2": 12.204454568950121, "Bias": 46.0427576526327, "R2 score on training data": 0.6996960634219024, "R2 score on validation data": 0.7035826773850629, "MSE on training data": 517.5812891168872, "MSE on validation data": 512.209188565011, "Bounded MSE on training data": 455.1510396430344, "Bounded MSE on validation data": 450.40118093762356}, "Number of variables 4": {"cli": 7.320196653720052, "ta": -16.46189770404807, "rh": 35.705698925518426, "clw ta^2": 12.314385234753175, "Bias": 46.06569838170356, "R2 score on training data": 0.7265737065773434, "R2 score on validation data": 0.7300225092002441, "MSE on training data": 471.2570039565458, "MSE on validation data": 466.5211542747811, "Bounded MSE on training data": 412.39284166336034, "Bounded MSE on validation data": 408.5546874740094}, "Number of variables 5": {"cli": 8.14139099910504, "ta": -17.2650388706047, "rh": 42.1124938291874, "rh^2": 9.37001167876765, "clw ta^2": 9.976754321412804, "Bias": 36.416237034183766, "R2 score on training data": 0.7498939769471189, "R2 score on validation data": 0.7520640498937933, "MSE on training data": 431.0639390967259, "MSE on validation data": 428.43336786011326, "Bounded MSE on training data": 376.9531782488311, "Bounded MSE on validation data": 374.63102290727176}, "Number of variables 6": {"cli": 4.662881571341021, "ta": -25.39837506901522, "rh": 51.19995626854034, "ta rh": -14.987564423813327, "rh^2": 20.187215069678615, "clw ta^2": 7.762283859227013, "Bias": 34.885092727660634, "R2 score on training data": 0.7951134033909524, "R2 score on validation data": 0.7964968351512456, "MSE on training data": 353.12713514198003, "MSE on validation data": 351.6535066778161, "Bounded MSE on training data": 333.60308525151856, "Bounded MSE on validation data": 331.22682036892996}, "Number of variables 7": {"cli": -4.143734200834931, "ta": -30.859265161844192, "rh": 54.57889794101558, "cli hus_z": 19.48595490047166, "ta rh": -19.14463987152712, "rh^2": 24.811949544428646, "clw ta^2": 6.928213699507212, "Bias": 30.15905507085791, "R2 score on training data": 0.8165460931342726, "R2 score on validation data": 0.8175763933193942, "MSE on training data": 316.18736234714345, "MSE on validation data": 315.2280262458156, "Bounded MSE on training data": 292.2043332640085, "Bounded MSE on validation data": 290.2277212930261}, "Number of variables 8": {"cli": -3.2735761379929347, "ta": -36.32451908771965, "rh": 51.0491859628154, "cli hus_z": 17.36537358331136, "ta rh": -23.914681808881753, "rh^2": 32.20235728048813, "hus rh^2": 11.009027280887834, "clw ta^2": 5.228656272463656, "Bias": 27.783297742922283, "R2 score on training data": 0.832375815153905, "R2 score on validation data": 0.8335611501540242, "MSE on training data": 288.9044435061759, "MSE on validation data": 287.60636346495687, "Bounded MSE on training data": 265.78854373052087, "Bounded MSE on validation data": 263.6986817951038}, "Number of variables 9": {"cli": -4.7071491226357125, "ta": -36.618685694094886, "rh": 53.983071909957005, "cli hus_z": 17.687020234239245, "ta rh": -39.14075263416664, "rh^2": 39.359801792559026, "hus rh^2": 21.790993098859566, "clw ta^2": 4.793531827217665, "ta rh^2": -11.732779373229198, "Bias": 29.446557452508692, "R2 score on training data": 0.8425781325014018, "R2 score on validation data": 0.8433765827787003, "MSE on training data": 271.3204963063239, "MSE on validation data": 270.64529406540987, "Bounded MSE on training data": 254.5299824411242, "Bounded MSE on validation data": 252.96426223960492}}