{"SFS_NN_24_no_tl": {"MSE": 350.5888366699219, "R2": -0.08117127418518066}, "SFS_NN_24_tl_0_seed_10": {"MSE": 335.84942626953125, "R2": -0.035716891288757324}, "SFS_NN_24_tl_0_seed_20": {"MSE": 83.46832275390625, "R2": 0.7425943315029144}, "SFS_NN_24_tl_0_seed_30": {"MSE": 102.02139282226562, "R2": 0.6853790283203125}, "SFS_NN_24_tl_0_seed_40": {"MSE": 48.3339958190918, "R2": 0.8509441167116165}, "SFS_NN_24_tl_0_seed_50": {"MSE": 51.065185546875, "R2": 0.8425214737653732}, "SFS_NN_24_tl_0_seed_60": {"MSE": 106.92949676513672, "R2": 0.6702430546283722}, "SFS_NN_24_tl_0_seed_70": {"MSE": 90.88483428955078, "R2": 0.7197227478027344}, "SFS_NN_24_tl_0_seed_80": {"MSE": 73.63695526123047, "R2": 0.772913008928299}, "SFS_NN_24_tl_1_seed_10": {"MSE": 23.590198516845703, "R2": 0.9272508323192596}, "SFS_NN_24_tl_1_seed_20": {"MSE": 31.8798885345459, "R2": 0.9016864821314812}, "SFS_NN_24_tl_1_seed_30": {"MSE": 24.01624870300293, "R2": 0.9259369447827339}, "SFS_NN_24_tl_1_seed_40": {"MSE": 25.898479461669922, "R2": 0.9201323911547661}, "SFS_NN_24_tl_1_seed_50": {"MSE": 22.956579208374023, "R2": 0.9292048364877701}, "SFS_NN_24_tl_1_seed_60": {"MSE": 24.028453826904297, "R2": 0.9258993119001389}, "SFS_NN_24_tl_1_seed_70": {"MSE": 39.21767807006836, "R2": 0.8790576756000519}, "SFS_NN_24_tl_1_seed_80": {"MSE": 25.604167938232422, "R2": 0.9210400059819221}, "SFS_NN_24_tl_1_seed_90": {"MSE": 24.09348487854004, "R2": 0.9256987646222115}, "SFS_NN_24_tl_2_seed_10": {"MSE": 22.20476722717285, "R2": 0.931523323059082}, "SFS_NN_24_tl_1_seed_100": {"MSE": 25.223093032836914, "R2": 0.9222151935100555}, "SFS_NN_24_tl_2_seed_20": {"MSE": 22.991046905517578, "R2": 0.9290985390543938}, "SFS_NN_24_tl_2_seed_30": {"MSE": 23.222002029418945, "R2": 0.9283863008022308}, "SFS_NN_24_tl_2_seed_40": {"MSE": 22.295454025268555, "R2": 0.9312436580657959}, "SFS_NN_24_tl_2_seed_50": {"MSE": 22.36872100830078, "R2": 0.9310177117586136}, "SFS_NN_24_tl_2_seed_60": {"MSE": 23.21734046936035, "R2": 0.9284006804227829}, "SFS_NN_24_tl_2_seed_70": {"MSE": 21.909814834594727, "R2": 0.9324329197406769}, "SFS_NN_24_tl_2_seed_80": {"MSE": 21.441783905029297, "R2": 0.9338762685656548}, "SFS_NN_24_tl_2_seed_90": {"MSE": 22.898590087890625, "R2": 0.9293836653232574}, "SFS_NN_24_tl_0_seed_90": {"MSE": 64.41317749023438, "R2": 0.8013579696416855}, "SFS_NN_24_tl_0_seed_100": {"MSE": 53.859031677246094, "R2": 0.8339056074619293}, "SFS_NN_24_tl_0_num_hours_1_seed_20": {"MSE": 349.3111572265625, "R2": -0.07723116874694824}, "SFS_NN_24_tl_0_num_hours_8_seed_20": {"MSE": 214.6946563720703, "R2": 0.3379090428352356}, "SFS_NN_24_tl_0_num_hours_1_seed_30": {"MSE": 356.5712585449219, "R2": -0.09962034225463867}, "SFS_NN_24_tl_0_num_hours_8_seed_30": {"MSE": 295.8261413574219, "R2": 0.08770984411239624}, "SFS_NN_24_tl_0_num_hours_8_seed_40": {"MSE": 116.68067169189453, "R2": 0.6401716768741608}, "SFS_NN_24_tl_0_num_hours_1_seed_40": {"MSE": 351.3950500488281, "R2": -0.08365762233734131}, "SFS_NN_24_tl_0_num_hours_8_seed_50": {"MSE": 253.12319946289062, "R2": 0.2194002866744995}, "SFS_NN_24_tl_0_num_hours_1_seed_50": {"MSE": 301.1069030761719, "R2": 0.07142466306686401}, "SFS_NN_24_tl_0_num_hours_1_seed_60": {"MSE": 717.5391235351562, "R2": -1.212799310684204}, "SFS_NN_24_tl_0_num_hours_8_seed_60": {"MSE": 726.5204467773438, "R2": -1.2404963970184326}, "SFS_NN_24_tl_0_num_hours_32_seed_10": {"MSE": 427.6182556152344, "R2": -0.3187202215194702}, "SFS_NN_24_tl_0_num_hours_32_seed_20": {"MSE": 158.42556762695312, "R2": 0.5114357173442841}, "SFS_NN_24_tl_0_num_hours_32_seed_30": {"MSE": 160.2880859375, "R2": 0.5056919455528259}, "SFS_NN_24_tl_0_num_hours_32_seed_40": {"MSE": 76.15786743164062, "R2": 0.7651388347148895}, "SFS_NN_24_tl_0_num_hours_32_seed_50": {"MSE": 158.0880126953125, "R2": 0.5124767124652863}, "SFS_NN_24_tl_0_num_hours_32_seed_60": {"MSE": 221.54031372070312, "R2": 0.3167979121208191}, "SFS_NN_24_tl_0_num_cells_1_seed_10": {"MSE": 550.0715942382812, "R2": -0.6963506937026978}, "SFS_NN_24_tl_0_num_cells_5_seed_10": {"MSE": 965.9017333984375, "R2": -1.9787178039550781}, "SFS_NN_24_tl_0_num_cells_1_seed_20": {"MSE": 441.6721496582031, "R2": -0.36206066608428955}, "SFS_NN_24_tl_0_num_cells_5_seed_20": {"MSE": 260.84130859375, "R2": 0.19559860229492188}, "SFS_NN_24_tl_0_num_cells_1_seed_30": {"MSE": 475.3505554199219, "R2": -0.4659205675125122}, "SFS_NN_24_tl_0_num_cells_5_seed_30": {"MSE": 260.84979248046875, "R2": 0.19557249546051025}, "SFS_NN_24_tl_0_num_cells_1_seed_40": {"MSE": 511.7928771972656, "R2": -0.5783040523529053}, "SFS_NN_24_tl_0_num_cells_5_seed_40": {"MSE": 215.8715057373047, "R2": 0.33427977561950684}, "SFS_NN_24_tl_0_num_cells_1_seed_50": {"MSE": 512.5614624023438, "R2": -0.5806742906570435}, "SFS_NN_24_tl_0_num_cells_5_seed_50": {"MSE": 372.45452880859375, "R2": -0.14860236644744873}, "SFS_NN_24_tl_0_num_cells_1_seed_60": {"MSE": 502.4273681640625, "R2": -0.549422025680542}, "SFS_NN_24_tl_0_num_cells_5_seed_60": {"MSE": 549.6213989257812, "R2": -0.6949623823165894}}