{"features_1": ["rh"], "r2_score_1": 0.3385212513360224, "features_2": ["cli", "rh"], "r2_score_2": 0.6987540539536412, "features_3": ["clw", "cli", "rh"], "r2_score_3": 0.8147305102004245, "features_4": ["clw", "cli", "ta", "rh"], "r2_score_4": 0.8573446729838903, "features_5": ["clw", "cli", "ta", "rh", "rh_z"], "r2_score_5": 0.89414734553622, "features_6": ["clw", "cli", "ta", "rh", "pa_zz", "rh_z"], "r2_score_6": 0.9120531326177553, "features_7": ["clw", "cli", "ta", "rh", "ta_z", "pa_zz", "rh_z"], "r2_score_7": 0.9156959562158766, "features_8": ["clw", "cli", "ta", "zg", "rh", "ta_z", "pa_zz", "rh_z"], "r2_score_8": 0.9218883057943411, "features_9": ["clw", "cli", "ta", "zg", "rh", "ta_z", "pa_zz", "rh_z", "rh_zz"], "r2_score_9": 0.925731330192435, "features_10": ["clw", "cli", "ta", "zg", "fr_land", "rh", "ta_z", "pa_zz", "rh_z", "rh_zz"], "r2_score_10": 0.9277681531945832, "Required time in minutes": 287.49505221446356, "Epochs": 25, "Subset size": 150000}