{"features_1": ["rh"], "r2_score_1": 0.3431819160484153, "features_2": ["cli", "rh"], "r2_score_2": 0.7027635084921728, "features_3": ["clw", "cli", "rh"], "r2_score_3": 0.8277356663568265, "features_4": ["clw", "cli", "ta", "rh"], "r2_score_4": 0.8666032654023396, "features_5": ["clw", "cli", "ta", "rh", "rh_z"], "r2_score_5": 0.9007166923175036, "features_6": ["clw", "cli", "ta", "rh", "pa_z", "rh_z"], "r2_score_6": 0.9139445158150201, "features_7": ["clw", "cli", "ta", "rh", "pa_z", "pa_zz", "rh_z"], "r2_score_7": 0.9219582429457721, "features_8": ["clw", "cli", "ta", "rh", "pa_z", "pa_zz", "rh_z", "rh_zz"], "r2_score_8": 0.9270598536534186, "features_9": ["clw", "cli", "ta", "rh", "ta_z", "pa_z", "pa_zz", "rh_z", "rh_zz"], "r2_score_9": 0.9294011244659868, "features_10": ["clw", "cli", "ta", "rh", "ps", "ta_z", "pa_z", "pa_zz", "rh_z", "rh_zz"], "r2_score_10": 0.9336610504430412, "Required time in minutes": 288.1880922754606, "Epochs": 25, "Subset size": 150000}