{"features_1": ["rh"], "r2_score_1": 0.33717177987708213, "features_2": ["cli", "rh"], "r2_score_2": 0.7010141951813165, "features_3": ["clw", "cli", "rh"], "r2_score_3": 0.8242845554425912, "features_4": ["clw", "cli", "ta", "rh"], "r2_score_4": 0.8605087620356601, "features_5": ["clw", "cli", "ta", "rh", "rh_z"], "r2_score_5": 0.8966062079449415, "features_6": ["clw", "cli", "ta", "rh", "pa_z", "rh_z"], "r2_score_6": 0.9097667570471342, "features_7": ["clw", "cli", "ta", "rh", "pa_z", "rh_z", "rh_zz"], "r2_score_7": 0.9176957174099184, "features_8": ["clw", "cli", "ta", "rh", "pa_z", "pa_zz", "rh_z", "rh_zz"], "r2_score_8": 0.9243878845188435, "features_9": ["clw", "cli", "ta", "rh", "cli_z", "pa_z", "pa_zz", "rh_z", "rh_zz"], "r2_score_9": 0.9290925219249937, "features_10": ["clw", "cli", "ta", "rh", "ps", "cli_z", "pa_z", "pa_zz", "rh_z", "rh_zz"], "r2_score_10": 0.9308368974493412, "Required time in minutes": 287.02774760723116, "Epochs": 25, "Subset size": 150000}