{"features_1": ["rh"], "r2_score_1": 0.33972809230525125, "features_2": ["cli", "rh"], "r2_score_2": 0.6977259313509, "features_3": ["clw", "cli", "rh"], "r2_score_3": 0.8135857141382401, "features_4": ["clw", "cli", "ta", "rh"], "r2_score_4": 0.8605399499036633, "features_5": ["clw", "cli", "ta", "rh", "rh_z"], "r2_score_5": 0.9004451777609983, "features_6": ["clw", "cli", "ta", "rh", "pa_zz", "rh_z"], "r2_score_6": 0.9111126496462892, "features_7": ["clw", "cli", "ta", "pa", "rh", "pa_zz", "rh_z"], "r2_score_7": 0.9196617219365393, "features_8": ["clw", "cli", "ta", "pa", "rh", "hus_zz", "pa_zz", "rh_z"], "r2_score_8": 0.9229065547271538, "features_9": ["clw", "cli", "ta", "pa", "rh", "hus_zz", "pa_zz", "rh_z", "rh_zz"], "r2_score_9": 0.9270851556494626, "features_10": ["clw", "cli", "ta", "pa", "rh", "ps", "hus_zz", "pa_zz", "rh_z", "rh_zz"], "r2_score_10": 0.929991015419793, "Required time in minutes": 223.79518944422404, "Epochs": 25, "Subset size": 150000}