{"features_1": ["rh"], "r2_score_1": 0.3420963575088537, "features_2": ["cli", "rh"], "r2_score_2": 0.6991995486827051, "features_3": ["clw", "cli", "rh"], "r2_score_3": 0.8123172196371234, "features_4": ["clw", "cli", "ta", "rh"], "r2_score_4": 0.859737772670522, "features_5": ["clw", "cli", "ta", "rh", "rh_z"], "r2_score_5": 0.8975582401908065, "features_6": ["clw", "cli", "ta", "zg", "rh", "rh_z"], "r2_score_6": 0.9108688461472414, "features_7": ["clw", "cli", "ta", "zg", "rh", "pa_zz", "rh_z"], "r2_score_7": 0.9191903651792204, "features_8": ["clw", "cli", "ta", "zg", "rh", "pa_zz", "rh_z", "rh_zz"], "r2_score_8": 0.9243849985396354, "features_9": ["clw", "cli", "ta", "zg", "rh", "ta_z", "pa_zz", "rh_z", "rh_zz"], "r2_score_9": 0.9288829490566299, "features_10": ["clw", "cli", "ta", "zg", "rh", "ps", "ta_z", "pa_zz", "rh_z", "rh_zz"], "r2_score_10": 0.9332696333305646, "Required time in minutes": 290.78731329043706, "Epochs": 25, "Subset size": 150000}