{"features_1": ["rh"], "r2_score_1": 0.3384307861085095, "features_2": ["cli", "rh"], "r2_score_2": 0.6738006343713303, "features_3": ["clw", "cli", "rh"], "r2_score_3": 0.8151229139240906, "features_4": ["clw", "cli", "rh", "rh_z"], "r2_score_4": 0.8569682261630196, "features_5": ["clw", "cli", "ta", "rh", "rh_z"], "r2_score_5": 0.8904571455949563, "features_6": ["clw", "cli", "ta", "rh", "pa_zz", "rh_z"], "r2_score_6": 0.9074983024466093, "features_7": ["clw", "cli", "ta", "rh", "pa_z", "pa_zz", "rh_z"], "r2_score_7": 0.9143519245842091, "features_8": ["clw", "cli", "ta", "rh", "pa_z", "pa_zz", "rh_z", "rh_zz"], "r2_score_8": 0.9213959660456361, "features_9": ["clw", "cli", "ta", "rh", "ps", "pa_z", "pa_zz", "rh_z", "rh_zz"], "r2_score_9": 0.9262893295516926, "features_10": ["clw", "cli", "ta", "rh", "ps", "ta_z", "pa_z", "pa_zz", "rh_z", "rh_zz"], "r2_score_10": 0.9295703310527359, "Required time in minutes": 288.954571211338, "Epochs": 25, "Subset size": 150000}