{"features_1": ["rh"], "r2_score_1": 0.33898973384586095, "features_2": ["cli", "rh"], "r2_score_2": 0.6994037513344211, "features_3": ["clw", "cli", "rh"], "r2_score_3": 0.82420070827168, "features_4": ["clw", "cli", "ta", "rh"], "r2_score_4": 0.8593625914159163, "features_5": ["clw", "cli", "ta", "rh", "rh_z"], "r2_score_5": 0.8988056932198889, "features_6": ["clw", "cli", "ta", "rh", "pa_zz", "rh_z"], "r2_score_6": 0.9105233686368568, "features_7": ["clw", "cli", "ta", "rh", "pa_z", "pa_zz", "rh_z"], "r2_score_7": 0.9192583926049556, "features_8": ["clw", "cli", "ta", "rh", "hus_zz", "pa_z", "pa_zz", "rh_z"], "r2_score_8": 0.9235579503400574, "features_9": ["clw", "cli", "ta", "rh", "hus_zz", "pa_z", "pa_zz", "rh_z", "rh_zz"], "r2_score_9": 0.9250149219807065, "features_10": ["clw", "cli", "ta", "rh", "hus_zz", "cli_zz", "pa_z", "pa_zz", "rh_z", "rh_zz"], "r2_score_10": 0.9291400181111381, "Required time in minutes": 289.06752394040427, "Epochs": 25, "Subset size": 150000}