{"features_1": ["rh"], "r2_score_1": 0.3456349308497061, "features_2": ["cli", "rh"], "r2_score_2": 0.7027591461049545, "features_3": ["clw", "cli", "rh"], "r2_score_3": 0.8190110710568324, "features_4": ["clw", "cli", "ta", "rh"], "r2_score_4": 0.8646239573979083, "features_5": ["clw", "cli", "ta", "rh", "rh_z"], "r2_score_5": 0.9028952750604463, "features_6": ["clw", "cli", "ta", "rh", "pa_zz", "rh_z"], "r2_score_6": 0.9138211235503519, "features_7": ["clw", "cli", "ta", "rh", "pa_z", "pa_zz", "rh_z"], "r2_score_7": 0.9226664755949741, "features_8": ["clw", "cli", "ta", "rh", "hus_zz", "pa_z", "pa_zz", "rh_z"], "r2_score_8": 0.9266661648735467, "features_9": ["clw", "cli", "ta", "rh", "hus_zz", "cli_z", "pa_z", "pa_zz", "rh_z"], "r2_score_9": 0.9295006485705772, "features_10": ["clw", "cli", "ta", "rh", "hus_zz", "cli_z", "ta_z", "pa_z", "pa_zz", "rh_z"], "r2_score_10": 0.9314800991962638, "Required time in minutes": 288.3864884098371, "Epochs": 25, "Subset size": 150000}