{"features_1": ["rh"], "r2_score_1": 0.3399131689662891, "features_2": ["cli", "rh"], "r2_score_2": 0.7009000964973962, "features_3": ["clw", "cli", "rh"], "r2_score_3": 0.8241166060157357, "features_4": ["clw", "cli", "ta", "rh"], "r2_score_4": 0.858618738633212, "features_5": ["clw", "cli", "ta", "rh", "rh_z"], "r2_score_5": 0.899167334459894, "features_6": ["clw", "cli", "ta", "rh", "pa_zz", "rh_z"], "r2_score_6": 0.9090502639242477, "features_7": ["clw", "cli", "ta", "rh", "pa_zz", "rh_z", "rh_zz"], "r2_score_7": 0.9173217545068719, "features_8": ["clw", "cli", "ta", "rh", "clw_z", "pa_zz", "rh_z", "rh_zz"], "r2_score_8": 0.9212917630876605, "features_9": ["clw", "cli", "ta", "rh", "clw_z", "pa_z", "pa_zz", "rh_z", "rh_zz"], "r2_score_9": 0.9264615201649868, "features_10": ["clw", "cli", "ta", "rh", "clw_z", "cli_z", "pa_z", "pa_zz", "rh_z", "rh_zz"], "r2_score_10": 0.9279127793390625, "Required time in minutes": 288.89439150094984, "Epochs": 25, "Subset size": 150000}