{"features_1": ["rh"], "r2_score_1": 0.3424617502883609, "features_2": ["cli", "rh"], "r2_score_2": 0.7050038027462059, "features_3": ["clw", "cli", "rh"], "r2_score_3": 0.826998742137816, "features_4": ["clw", "cli", "ta", "rh"], "r2_score_4": 0.8642105158341002, "features_5": ["clw", "cli", "ta", "rh", "rh_z"], "r2_score_5": 0.903700762436462, "features_6": ["clw", "cli", "ta", "rh", "pa_z", "rh_z"], "r2_score_6": 0.9152596953212799, "features_7": ["clw", "cli", "ta", "rh", "pa_z", "rh_z", "rh_zz"], "r2_score_7": 0.9210551144956289, "features_8": ["clw", "cli", "ta", "rh", "ps", "pa_z", "rh_z", "rh_zz"], "r2_score_8": 0.9285892666274199, "features_9": ["clw", "cli", "ta", "rh", "ps", "pa_z", "pa_zz", "rh_z", "rh_zz"], "r2_score_9": 0.9322619128272043, "features_10": ["clw", "cli", "ta", "rh", "ps", "cli_zz", "pa_z", "pa_zz", "rh_z", "rh_zz"], "r2_score_10": 0.9342716721344778, "Required time in minutes": 287.7768619855245, "Epochs": 25, "Subset size": 150000}