{"full_eq": 103.97494243720075, "a": 146.60661255495822, "b": 178.65595849343381, "c": 132.57076962384835, "d": 114.77661515692157, "e": 106.98486751753978, "f": 113.12141998690413, "g": 149.71957355189866, "h": 224.4758712906775, "i": 202.97996747143029, "j": 224.4778471213948, "k": 190.668327228776, "I1": 1337.1535902817302, "I2": 124.29213203586288}