{"full_eq": 103.04858564546446, "a_1": 110.35376013040563, "a_2": 3756.9686633993415, "a_3": 319.60054863036777, "a_4": 281.64482285585024, "a_5": 3756.9686633993415, "a_6": 3756.9688842623027, "a_7": 182.10610756925556, "a_8": 121.81707839716579, "a_9": 111.45802847605673, "a_10": 195.15648092059635, "a_11": 199.7985807608074, "A": 106.50915906160041, "I1": 1339.8195239355944, "I2": 121.81707839716579, "I3": 224.67075307971294}