{"full_eq": 103.9465907375553, "a": 146.57638124212554, "b": 178.64329092972864, "c": 132.5507456752794, "d": 114.73097329847619, "e": 106.98910823486747, "f": 113.12233669863342, "g": 148.52510898137734, "h": 224.48817812139546, "i": 202.98393697992262, "j": 224.4876316708311, "k": 190.6691393719902, "I1": 1337.1563770778612, "I2": 124.29163420316023}