{"full_eq": 102.95869289074555, "a_1": 109.41829523323621, "a_2": 3756.9686633993415, "a_3": 1337.1161197967463, "a_4": 657.1291880429509, "a_5": 3756.9686633993415, "a_6": 3756.9686633993415, "a_7": 438.77334980700994, "a_8": 121.15649522799478, "a_9": 111.47013215881607, "a_10": 193.10146463186015, "a_11": 202.47513167505645, "A": 106.29487797774932, "I1": 1337.1477140220297, "I2": 121.15649522799478, "I3": 220.07838295711895}