{"full_eq": 103.924469777946, "a": 146.58129807254892, "b": 178.649484018151, "c": 132.5396838432123, "d": 114.71654774449759, "e": 106.98721342218604, "f": 113.12491417021823, "g": 148.1874271737277, "h": 224.458932599357, "i": 202.97255519161897, "j": 224.46341149988038, "k": 190.66094779427922, "I1": 1337.1710965529498, "I2": 124.29661600400293}