{"full_eq": 103.95011482848642, "a": 146.60711461348072, "b": 178.64161775496018, "c": 132.53033826898857, "d": 114.71528254136183, "e": 106.99222771664343, "f": 113.13271263200454, "g": 148.51853098126475, "h": 224.48691432465208, "i": 203.00683567249044, "j": 225.17989015829082, "k": 190.6970999574996, "I1": 1337.1556360811435, "I2": 124.29809247790234}