{"full_eq": 102.88274225422506, "a_1": 109.27797875593181, "a_2": 3756.9686633993415, "a_3": 148.15315612250075, "a_4": 225.64238159694747, "a_5": 3756.9686633993415, "a_6": 3756.9688842623027, "a_7": 249.77211270101404, "a_8": 121.15527331670263, "a_9": 111.75064012251438, "a_10": 193.13486777523758, "a_11": 198.99963617345554, "A": 106.50695354191072, "I1": 1245.5121465586485, "I2": 121.15527331670263, "I3": 220.6585876378605}