{"full_eq": 102.76348443452163, "a_1": 109.14660273162714, "a_2": 3756.9686633993415, "a_3": 694.6799213929907, "a_4": 439.27199245846833, "a_5": 3756.9686633993415, "a_6": 3756.9688842623027, "a_7": 260.6587027051997, "a_8": 121.14319016153644, "a_9": 111.46035261766502, "a_10": 198.82816246716985, "a_11": 198.4399357443643, "A": 106.27110081629246, "I1": 1062.4670149560848, "I2": 121.14319016153644, "I3": 219.8305339985104}