{"full_eq": 103.93008263409939, "a": 146.5975428541963, "b": 178.64326728521326, "c": 132.53993736427495, "d": 114.72577230679305, "e": 106.99530617126639, "f": 113.13336649344542, "g": 149.5498647344797, "h": 224.4446348842594, "i": 202.97120413128897, "j": 224.44635714902884, "k": 190.6704733461276, "I1": 1337.1657440158297, "I2": 124.29916940353988}