{"full_eq": 103.96499039881762, "a": 146.59130733660018, "b": 178.64143288060555, "c": 132.54984726071106, "d": 114.73641383789513, "e": 106.99448811749069, "f": 113.13565891550904, "g": 152.66878318777162, "h": 224.43732988058395, "i": 202.9899263430659, "j": 214.76281858195554, "k": 190.6678803261786, "I1": 1337.1633788099898, "I2": 124.3034527529544}