{"full_eq": 103.03363005416057, "a_1": 109.14463227767662, "a_2": 3756.9686633993415, "a_3": 273.0511082018786, "a_4": 198.4221759136023, "a_5": 3756.9686633993415, "a_6": 3756.9688842623027, "a_7": 191.2761294881023, "a_8": 121.15349019256631, "a_9": 111.45364745741783, "a_10": 190.34592697520995, "a_11": 198.55842989996938, "A": 106.30432954977267, "I1": 1399.6712004171457, "I2": 121.15349019256631, "I3": 220.42296440939816}