{"full_eq": 103.93626117142222, "a": 146.615989466097, "b": 178.6369094194977, "c": 132.5314472724477, "d": 114.72748714413049, "e": 106.97731044257823, "f": 113.11629677872426, "g": 149.0150382411156, "h": 224.44399040326454, "i": 202.9647036335165, "j": 224.44420901216145, "k": 190.66006879606292, "I1": 1337.167474672743, "I2": 124.28622864849216}