{"full_eq": 103.9284643841703, "a": 146.58868958055513, "b": 178.6459605484722, "c": 132.54685729695316, "d": 114.75542112739905, "e": 106.98824893103523, "f": 113.12766689933818, "g": 148.32652785370834, "h": 224.4665616211342, "i": 202.97989212212275, "j": 224.4697487399555, "k": 190.68368685706614, "I1": 1337.1741242533976, "I2": 124.29912789090524}