{"full_eq": 103.06033751076674, "a_1": 109.31163796408099, "a_2": 3756.9686633993415, "a_3": 175.48207662169395, "a_4": 226.02659737434854, "a_5": 3756.9686633993415, "a_6": 3756.9688842623027, "a_7": 176.98925702123321, "a_8": 121.79526473115062, "a_9": 111.46656745693024, "a_10": 190.3626261610742, "a_11": 199.95866123669356, "A": 106.45363897999896, "I1": 1337.1788839843823, "I2": 121.79526473115062, "I3": 216.45851583147373}