{"full_eq": 102.96471994684, "a_1": 109.45521702005844, "a_2": 3756.9686633993415, "a_3": 279.7851246117037, "a_4": 405.700344661371, "a_5": 3756.9686633993415, "a_6": 3756.9688842623027, "a_7": 202.96738708577053, "a_8": 121.17019546633081, "a_9": 111.46589141999677, "a_10": 193.7304348567987, "a_11": 198.58625743289056, "A": 106.43429105756972, "I1": 1339.6705127768203, "I2": 121.17019546633081, "I3": 220.79134622817668}