{"full_eq": 103.16371623392179, "a_1": 109.27859244979732, "a_2": 3756.9686633993415, "a_3": 138.07268913520906, "a_4": 440.3919531976994, "a_5": 3756.9686633993415, "a_6": 3756.9688842623027, "a_7": 226.06259725721554, "a_8": 121.80341030158004, "a_9": 111.74426385820927, "a_10": 192.72713326120405, "a_11": 196.02729325690188, "A": 106.31524679259203, "I1": 1339.8253449169197, "I2": 121.80341030158004, "I3": 225.9750314306227}