{"full_eq": 103.9826077111417, "a": 146.60717707867, "b": 178.64272678265704, "c": 132.56181836958424, "d": 114.75859629308924, "e": 106.98605025110203, "f": 113.12853092695947, "g": 149.04631255374576, "h": 224.4725354400732, "i": 203.00919196176258, "j": 224.47335346098185, "k": 190.67181248451726, "I1": 1337.1601898645188, "I2": 124.30402738584604}