{"full_eq": 103.95391714157908, "a": 146.609471249881, "b": 178.64230927299283, "c": 132.54882293898683, "d": 114.75516020417211, "e": 107.00209566432476, "f": 113.13675436840667, "g": 148.89991663314515, "h": 224.49358670068435, "i": 203.015342004872, "j": 230.05800258637743, "k": 190.70044421241283, "I1": 1337.1678737039606, "I2": 124.29610080831569}