{"full_eq": 103.94659200045366, "a": 146.5763691722756, "b": 178.6432824796451, "c": 132.5507494727858, "d": 114.73096604643288, "e": 106.98917238315995, "f": 113.12233080237752, "g": 150.34700413333968, "h": 224.4881783950427, "i": 202.98561112971743, "j": 224.49941514162228}