{"full_eq": 103.18915930832956, "a_1": 109.3401127761067, "a_2": 3756.9713909922357, "a_3": 1337.114042973196, "a_4": 103.18915930832956, "a_5": 3756.9697213441113, "a_6": 3756.96887379316, "a_7": 154.29449275974594, "a_8": 116.15995202867649, "a_9": 103.19413235248986, "a_10": 108.76506806322662, "a_11": 189.23396440504064, "a_12": 201.28841054837127, "eps": 106.85754205918182, "A": 106.57977172808718}