{"full_eq": 103.0143458805115, "a_1": 109.68641090598355, "a_2": 3756.9686633993415, "a_3": 1337.099587809342, "a_4": 206.29956980826793, "a_5": 3756.9686633993415, "a_6": 3756.9688842623027, "a_7": 220.7786781277572, "a_8": 121.15566097806852, "a_9": 111.46759039305194, "a_10": 196.70052972381325, "a_11": 191.99090493119266, "A": 106.31831226642552, "I1": 1337.1540909329929, "I2": 121.15566097806852, "I3": 223.30841976443654}