{"full_eq": 103.94659, "a": 146.57637, "b": 178.64328, "c": 132.55075, "d": 114.73097, "e": 106.98917, "f": 113.12233, "g": 150.34700, "h": 224.48818, "i": 202.98561, "j": 224.49942}