{"full_eq": 102.84648931898923, "a_1": 109.21567879658801, "a_2": 3756.9686633993415, "a_3": 390.09916092290786, "a_4": 175.7352716592613, "a_5": 3756.9686633993415, "a_6": 3756.9688842623027, "a_7": 286.58124620866727, "a_8": 121.1521922978187, "a_9": 111.45625715475286, "a_10": 191.2668390294466, "a_11": 202.43640338026336, "A": 106.505334312317, "I1": 1337.1718236891663, "I2": 121.1521922978187, "I3": 224.2515560827579}