{"full_eq": 104.79612525326853, "a_1": 3551.313075212841, "a_2": 3724.5845835724867, "a_3": 1364.5437935606933, "a_4": 1364.5599413210098, "a_5": 3724.5845835724867, "a_6": 3724.5845835724867, "a_7": 1364.518261219197, "a_8": 136.19326807783725, "a_9": 165.39329286875594, "a_10": 1571.1453618502744, "a_11": 1346.7318755162444, "A": 113.72704745612975, "I1": 3596.5263747722533, "I2": 136.19326807783725, "I3": 368.3502216605953}