{"full_eq": 104.69477611805529, "a_1": 3551.9548298668356, "a_2": 3722.8912015731244, "a_3": 1368.064465831374, "a_4": 1368.0974811020362, "a_5": 3722.8912015731244, "a_6": 3722.8912015731244, "a_7": 1368.0519857381971, "a_8": 136.27976740996814, "a_9": 165.52182110365072, "a_10": 1576.265937648188, "a_11": 1343.0157180063654, "A": 113.4407572942799, "I1": 3593.5893060221815, "I2": 136.27976740996814, "I3": 368.16814184530847}