{"full_eq": 103.30096063783964, "a_1": 146.69410604493038, "a_2": 122.26604915902031, "a_3": 175.19771315043923, "a_4": 114.80674096704705, "a_5": 122.7423804476649, "a_6": 124.24559473812359, "a_7": 112.30242070366202, "a_8": "NaN", "a_9": "NaN"}