{"full_eq": 103.30766304666402, "a_1": 143.9770305634247, "a_2": 122.77459912885435, "a_3": 175.1964026594691, "a_4": 114.83403231556534, "a_5": 122.76099514905182, "a_6": 124.24815233256273, "a_7": 124.24815235249828, "a_8": "NaN", "a_9": "NaN"}