{"full_eq": 103.33209623910223, "a_1": 144.38004398935453, "a_2": 122.2681473584136, "a_3": 175.14486625931673, "a_4": 114.82914899158557, "a_5": 122.75386349787472, "a_6": 124.25261899086533, "a_7": 112.31479167380745, "a_8": "NaN", "a_9": "NaN"}