{"full_eq": 121.49783419634694, "a_1": 137.44009479349353, "a_2": 134.46728110093827, "a_3": 250.97341233185017, "a_4": 120.59625244802854, "a_5": 123.13217072770645, "a_6": 118.74777798418089, "a_7": 119.68331270757726, "a_8": "NaN", "a_9": "NaN"}