{"full_eq": 119.4249564337355, "a_1": 137.82336801166502, "a_2": 136.7412454876318, "a_3": 270.47647810000825, "a_4": 121.16771176781153, "a_5": 123.82803800767067, "a_6": 119.31400820921827, "a_7": 130.99487822429055, "a_8": "NaN", "a_9": "NaN"}