{"full_eq": 120.02937604041284, "a_1": 136.5885284111001, "a_2": 141.7360017594645, "a_3": 245.22931680208396, "a_4": 120.98544223344311, "a_5": 123.33853627902116, "a_6": 119.0471015557062, "a_7": 118.95863158938424, "a_8": "NaN", "a_9": "NaN"}