{"full_eq": 103.319345676892, "a_1": 145.46942585241115, "a_2": 122.26779841782695, "a_3": 175.14336105658316, "a_4": 114.82429195766888, "a_5": 122.77241309800615, "a_6": 124.23999158076332, "a_7": 112.3018250681167, "a_8": "NaN", "a_9": "NaN"}