{"full_eq": 103.3424224620583, "a_1": 144.18396565861394, "a_2": 122.32299574670631, "a_3": 175.07588881709947, "a_4": 114.8781232032406, "a_5": 122.79361235870931, "a_6": 124.24056548068624, "a_7": 124.24056549307299, "a_8": "NaN", "a_9": "NaN"}