{"full_eq": 136.74735193485384, "a_1": 138.18680480642757, "a_2": 135.26159996318006, "a_3": 286.89859588316284, "a_4": 128.57080628272524, "a_5": 123.87346063635057, "a_6": 137.8857657891065, "a_7": 120.36968657745503, "a_8": "NaN", "a_9": "NaN"}