{"full_eq": 121.54253511210742, "a_1": 137.7891340240438, "a_2": 151.76647686467444, "a_3": 268.88355203515295, "a_4": 120.40360633189124, "a_5": 122.95288209231896, "a_6": 118.56832107665251, "a_7": 118.72204541854242, "a_8": "NaN", "a_9": "NaN"}