{"Regime 1 MSE": 614.9050047300417, "Regime 1 R2": 0.5527257191322652, "Regime 2 MSE": 787.1040511775224, "Regime 2 R2": 0.3275985148621481, "Regime 3 MSE": 423.3729591790688, "Regime 3 R2": -0.0346507910096332, "Regime 4 MSE": 301.72299269356984, "Regime 4 R2": -0.054984504682983326, "Data_reg_0_x": [6911591.0, 1758974.0, 1270583.0, 1007668.0, 839939.0, 726091.0, 640977.0, 576084.0, 523250.0, 482052.0, 446658.0, 417379.0, 391222.0, 369644.0, 350959.0, 333802.0, 319336.0, 305104.0, 293743.0, 283435.0, 272933.0, 264435.0, 256207.0, 249180.0, 241822.0, 234868.0, 229781.0, 224206.0, 219351.0, 214489.0, 210325.0, 206312.0, 202627.0, 199358.0, 197747.0, 194401.0, 192579.0, 189969.0, 189081.0, 188096.0, 306229.0, 361831.0, 404493.0, 444781.0, 480877.0, 515523.0, 547724.0, 580047.0, 611466.0, 638333.0, 664977.0, 688401.0, 710218.0, 728255.0, 743579.0, 757843.0, 771609.0, 778869.0, 787288.0, 793000.0, 798313.0, 800049.0, 802992.0, 803911.0, 804748.0, 806049.0, 807161.0, 812016.0, 813234.0, 821418.0, 827411.0, 836641.0, 852873.0, 872378.0, 900648.0, 940210.0, 1000867.0, 1105268.0, 1313965.0, 6759665.0], "Data_reg_0_y": [0.0, 1.25, 2.5, 3.75, 5.0, 6.25, 7.5, 8.75, 10.0, 11.25, 12.5, 13.75, 15.0, 16.25, 17.5, 18.75, 20.0, 21.25, 22.5, 23.75, 25.0, 26.25, 27.5, 28.75, 30.0, 31.25, 32.5, 33.75, 35.0, 36.25, 37.5, 38.75, 40.0, 41.25, 42.5, 43.75, 45.0, 46.25, 47.5, 48.75, 50.0, 51.25, 52.5, 53.75, 55.0, 56.25, 57.5, 58.75, 60.0, 61.25, 62.5, 63.75, 65.0, 66.25, 67.5, 68.75, 70.0, 71.25, 72.5, 73.75, 75.0, 76.25, 77.5, 78.75, 80.0, 81.25, 82.5, 83.75, 85.0, 86.25, 87.5, 88.75, 90.0, 91.25, 92.5, 93.75, 95.0, 96.25, 97.5, 98.75, 100.0], "Data_reg_1_x": [4103435.0, 968118.0, 667913.0, 530703.0, 450234.0, 396837.0, 359392.0, 329951.0, 307540.0, 290536.0, 275867.0, 263819.0, 253875.0, 243800.0, 236397.0, 230116.0, 224181.0, 218666.0, 215110.0, 211157.0, 208094.0, 204901.0, 202508.0, 199574.0, 197633.0, 195414.0, 194359.0, 192252.0, 191048.0, 190636.0, 190121.0, 187612.0, 187905.0, 187145.0, 186389.0, 185915.0, 185361.0, 184652.0, 184936.0, 186887.0, 388751.0, 458375.0, 499472.0, 527496.0, 550626.0, 568970.0, 582303.0, 596493.0, 603869.0, 607995.0, 607812.0, 604565.0, 595387.0, 581049.0, 566719.0, 548582.0, 529979.0, 508195.0, 488028.0, 467385.0, 446949.0, 428128.0, 406829.0, 387781.0, 371314.0, 353598.0, 338538.0, 324699.0, 314626.0, 303961.0, 294756.0, 289779.0, 285073.0, 284122.0, 287860.0, 296031.0, 312453.0, 345786.0, 419129.0, 3379910.0], "Data_reg_1_y": [0.0, 1.25, 2.5, 3.75, 5.0, 6.25, 7.5, 8.75, 10.0, 11.25, 12.5, 13.75, 15.0, 16.25, 17.5, 18.75, 20.0, 21.25, 22.5, 23.75, 25.0, 26.25, 27.5, 28.75, 30.0, 31.25, 32.5, 33.75, 35.0, 36.25, 37.5, 38.75, 40.0, 41.25, 42.5, 43.75, 45.0, 46.25, 47.5, 48.75, 50.0, 51.25, 52.5, 53.75, 55.0, 56.25, 57.5, 58.75, 60.0, 61.25, 62.5, 63.75, 65.0, 66.25, 67.5, 68.75, 70.0, 71.25, 72.5, 73.75, 75.0, 76.25, 77.5, 78.75, 80.0, 81.25, 82.5, 83.75, 85.0, 86.25, 87.5, 88.75, 90.0, 91.25, 92.5, 93.75, 95.0, 96.25, 97.5, 98.75, 100.0], "Data_reg_2_x": [7086.0, 3423.0, 14987.0, 30926.0, 43006.0, 51294.0, 57036.0, 61144.0, 63641.0, 65601.0, 67298.0, 67588.0, 67835.0, 68506.0, 68739.0, 69052.0, 68962.0, 68662.0, 68858.0, 68918.0, 69621.0, 68997.0, 69369.0, 69181.0, 69501.0, 69637.0, 69408.0, 70239.0, 70419.0, 70580.0, 70733.0, 71417.0, 71615.0, 71913.0, 72778.0, 73650.0, 74809.0, 75711.0, 76363.0, 78403.0, 98924.0, 116820.0, 136919.0, 159563.0, 185896.0, 213493.0, 242170.0, 271631.0, 300311.0, 328476.0, 358755.0, 384645.0, 410129.0, 434373.0, 455667.0, 478275.0, 496694.0, 517462.0, 537280.0, 554130.0, 569716.0, 589455.0, 606028.0, 625380.0, 645414.0, 666049.0, 687263.0, 711675.0, 737617.0, 769310.0, 800515.0, 838177.0, 884853.0, 941022.0, 1007489.0, 1097113.0, 1221298.0, 1419787.0, 1796749.0, 9560927.0], "Data_reg_2_y": [0.0, 1.25, 2.5, 3.75, 5.0, 6.25, 7.5, 8.75, 10.0, 11.25, 12.5, 13.75, 15.0, 16.25, 17.5, 18.75, 20.0, 21.25, 22.5, 23.75, 25.0, 26.25, 27.5, 28.75, 30.0, 31.25, 32.5, 33.75, 35.0, 36.25, 37.5, 38.75, 40.0, 41.25, 42.5, 43.75, 45.0, 46.25, 47.5, 48.75, 50.0, 51.25, 52.5, 53.75, 55.0, 56.25, 57.5, 58.75, 60.0, 61.25, 62.5, 63.75, 65.0, 66.25, 67.5, 68.75, 70.0, 71.25, 72.5, 73.75, 75.0, 76.25, 77.5, 78.75, 80.0, 81.25, 82.5, 83.75, 85.0, 86.25, 87.5, 88.75, 90.0, 91.25, 92.5, 93.75, 95.0, 96.25, 97.5, 98.75, 100.0], "Data_reg_3_x": [8237.0, 3064.0, 4381.0, 8232.0, 11911.0, 15009.0, 17356.0, 19262.0, 21022.0, 23104.0, 25419.0, 27316.0, 29416.0, 31662.0, 33603.0, 35852.0, 38543.0, 41034.0, 43247.0, 46382.0, 49654.0, 52505.0, 56007.0, 59238.0, 63091.0, 67143.0, 70714.0, 74988.0, 79785.0, 83894.0, 88721.0, 93088.0, 99109.0, 104212.0, 109475.0, 115362.0, 120659.0, 126755.0, 133055.0, 140294.0, 206349.0, 249516.0, 294263.0, 345397.0, 404052.0, 469675.0, 545639.0, 625193.0, 707407.0, 792057.0, 869389.0, 942097.0, 1005604.0, 1058237.0, 1101286.0, 1137854.0, 1167704.0, 1191253.0, 1210181.0, 1222749.0, 1234453.0, 1247385.0, 1254274.0, 1260688.0, 1270023.0, 1273448.0, 1280838.0, 1284992.0, 1294968.0, 1308006.0, 1323538.0, 1343128.0, 1371175.0, 1408811.0, 1463221.0, 1544142.0, 1664656.0, 1877115.0, 2315704.0, 13583133.0], "Data_reg_3_y": [0.0, 1.25, 2.5, 3.75, 5.0, 6.25, 7.5, 8.75, 10.0, 11.25, 12.5, 13.75, 15.0, 16.25, 17.5, 18.75, 20.0, 21.25, 22.5, 23.75, 25.0, 26.25, 27.5, 28.75, 30.0, 31.25, 32.5, 33.75, 35.0, 36.25, 37.5, 38.75, 40.0, 41.25, 42.5, 43.75, 45.0, 46.25, 47.5, 48.75, 50.0, 51.25, 52.5, 53.75, 55.0, 56.25, 57.5, 58.75, 60.0, 61.25, 62.5, 63.75, 65.0, 66.25, 67.5, 68.75, 70.0, 71.25, 72.5, 73.75, 75.0, 76.25, 77.5, 78.75, 80.0, 81.25, 82.5, 83.75, 85.0, 86.25, 87.5, 88.75, 90.0, 91.25, 92.5, 93.75, 95.0, 96.25, 97.5, 98.75, 100.0], "Preds_reg_0_x": [6370165.0, 1395467.0, 935546.0, 727620.0, 613721.0, 541484.0, 486703.0, 452212.0, 423640.0, 403259.0, 386341.0, 376295.0, 367024.0, 360313.0, 356302.0, 352509.0, 351070.0, 348603.0, 349574.0, 352016.0, 354061.0, 357130.0, 361213.0, 366251.0, 371089.0, 377242.0, 384090.0, 391392.0, 400334.0, 409460.0, 421769.0, 433397.0, 447236.0, 461097.0, 479742.0, 497025.0, 517352.0, 541298.0, 569486.0, 601092.0, 639964.0, 685580.0, 740149.0, 804188.0, 876835.0, 954434.0, 1034927.0, 1109675.0, 1170464.0, 1208931.0, 1241735.0, 1246369.0, 1223213.0, 1188783.0, 1136945.0, 1089915.0, 1047268.0, 1001915.0, 962261.0, 943745.0, 934503.0, 938461.0, 939209.0, 941346.0, 947030.0, 966096.0, 986116.0, 991280.0, 976959.0, 949300.0, 916210.0, 868114.0, 795657.0, 663369.0, 409367.0, 166617.0, 29236.0, 1930.0, 900.0, 802.0], "Preds_reg_0_y": [2.085633149641763e-14, 1.2500000000000207, 2.5000000000000204, 3.75000000000002, 5.0000000000000195, 6.2500000000000195, 7.500000000000019, 8.75000000000002, 10.00000000000002, 11.25000000000002, 12.50000000000002, 13.75000000000002, 15.000000000000018, 16.250000000000018, 17.500000000000018, 18.750000000000018, 20.000000000000018, 21.250000000000018, 22.500000000000018, 23.750000000000018, 25.000000000000018, 26.250000000000018, 27.500000000000018, 28.750000000000018, 30.000000000000014, 31.250000000000014, 32.500000000000014, 33.750000000000014, 35.000000000000014, 36.250000000000014, 37.500000000000014, 38.750000000000014, 40.000000000000014, 41.250000000000014, 42.500000000000014, 43.750000000000014, 45.000000000000014, 46.250000000000014, 47.500000000000014, 48.750000000000014, 50.000000000000014, 51.250000000000014, 52.500000000000014, 53.750000000000014, 55.000000000000014, 56.250000000000014, 57.500000000000014, 58.750000000000014, 60.00000000000001, 61.25000000000001, 62.50000000000001, 63.75000000000001, 65.0, 66.25, 67.5, 68.75, 70.0, 71.25, 72.5, 73.75, 75.0, 76.25, 77.5, 78.75, 80.0, 81.25, 82.5, 83.75, 85.0, 86.25, 87.5, 88.75, 90.0, 91.25, 92.5, 93.75, 95.0, 96.25, 97.5, 98.75, 100.0],