{"Regime 1 MSE": 212.91261202395106, "Regime 1 R2": 0.8451300043126301, "Regime 2 MSE": 219.57179500421384, "Regime 2 R2": 0.8124258148152781, "Regime 3 MSE": 120.96723468449056, "Regime 3 R2": 0.704376856530369, "Regime 4 MSE": 90.79184531387236, "Regime 4 R2": 0.6825432854731492, "Data_reg_0_x": [6911591.0, 1758974.0, 1270583.0, 1007668.0, 839939.0, 726091.0, 640977.0, 576084.0, 523250.0, 482052.0, 446658.0, 417379.0, 391222.0, 369644.0, 350959.0, 333802.0, 319336.0, 305104.0, 293743.0, 283435.0, 272933.0, 264435.0, 256207.0, 249180.0, 241822.0, 234868.0, 229781.0, 224206.0, 219351.0, 214489.0, 210325.0, 206312.0, 202627.0, 199358.0, 197747.0, 194401.0, 192579.0, 189969.0, 189081.0, 188096.0, 306229.0, 361831.0, 404493.0, 444781.0, 480877.0, 515523.0, 547724.0, 580047.0, 611466.0, 638333.0, 664977.0, 688401.0, 710218.0, 728255.0, 743579.0, 757843.0, 771609.0, 778869.0, 787288.0, 793000.0, 798313.0, 800049.0, 802992.0, 803911.0, 804748.0, 806049.0, 807161.0, 812016.0, 813234.0, 821418.0, 827411.0, 836641.0, 852873.0, 872378.0, 900648.0, 940210.0, 1000867.0, 1105268.0, 1313965.0, 6759665.0], "Data_reg_0_y": [0.0, 1.25, 2.5, 3.75, 5.0, 6.25, 7.5, 8.75, 10.0, 11.25, 12.5, 13.75, 15.0, 16.25, 17.5, 18.75, 20.0, 21.25, 22.5, 23.75, 25.0, 26.25, 27.5, 28.75, 30.0, 31.25, 32.5, 33.75, 35.0, 36.25, 37.5, 38.75, 40.0, 41.25, 42.5, 43.75, 45.0, 46.25, 47.5, 48.75, 50.0, 51.25, 52.5, 53.75, 55.0, 56.25, 57.5, 58.75, 60.0, 61.25, 62.5, 63.75, 65.0, 66.25, 67.5, 68.75, 70.0, 71.25, 72.5, 73.75, 75.0, 76.25, 77.5, 78.75, 80.0, 81.25, 82.5, 83.75, 85.0, 86.25, 87.5, 88.75, 90.0, 91.25, 92.5, 93.75, 95.0, 96.25, 97.5, 98.75, 100.0], "Data_reg_1_x": [4103435.0, 968118.0, 667913.0, 530703.0, 450234.0, 396837.0, 359392.0, 329951.0, 307540.0, 290536.0, 275867.0, 263819.0, 253875.0, 243800.0, 236397.0, 230116.0, 224181.0, 218666.0, 215110.0, 211157.0, 208094.0, 204901.0, 202508.0, 199574.0, 197633.0, 195414.0, 194359.0, 192252.0, 191048.0, 190636.0, 190121.0, 187612.0, 187905.0, 187145.0, 186389.0, 185915.0, 185361.0, 184652.0, 184936.0, 186887.0, 388751.0, 458375.0, 499472.0, 527496.0, 550626.0, 568970.0, 582303.0, 596493.0, 603869.0, 607995.0, 607812.0, 604565.0, 595387.0, 581049.0, 566719.0, 548582.0, 529979.0, 508195.0, 488028.0, 467385.0, 446949.0, 428128.0, 406829.0, 387781.0, 371314.0, 353598.0, 338538.0, 324699.0, 314626.0, 303961.0, 294756.0, 289779.0, 285073.0, 284122.0, 287860.0, 296031.0, 312453.0, 345786.0, 419129.0, 3379910.0], "Data_reg_1_y": [0.0, 1.25, 2.5, 3.75, 5.0, 6.25, 7.5, 8.75, 10.0, 11.25, 12.5, 13.75, 15.0, 16.25, 17.5, 18.75, 20.0, 21.25, 22.5, 23.75, 25.0, 26.25, 27.5, 28.75, 30.0, 31.25, 32.5, 33.75, 35.0, 36.25, 37.5, 38.75, 40.0, 41.25, 42.5, 43.75, 45.0, 46.25, 47.5, 48.75, 50.0, 51.25, 52.5, 53.75, 55.0, 56.25, 57.5, 58.75, 60.0, 61.25, 62.5, 63.75, 65.0, 66.25, 67.5, 68.75, 70.0, 71.25, 72.5, 73.75, 75.0, 76.25, 77.5, 78.75, 80.0, 81.25, 82.5, 83.75, 85.0, 86.25, 87.5, 88.75, 90.0, 91.25, 92.5, 93.75, 95.0, 96.25, 97.5, 98.75, 100.0], "Data_reg_2_x": [7086.0, 3423.0, 14987.0, 30926.0, 43006.0, 51294.0, 57036.0, 61144.0, 63641.0, 65601.0, 67298.0, 67588.0, 67835.0, 68506.0, 68739.0, 69052.0, 68962.0, 68662.0, 68858.0, 68918.0, 69621.0, 68997.0, 69369.0, 69181.0, 69501.0, 69637.0, 69408.0, 70239.0, 70419.0, 70580.0, 70733.0, 71417.0, 71615.0, 71913.0, 72778.0, 73650.0, 74809.0, 75711.0, 76363.0, 78403.0, 98924.0, 116820.0, 136919.0, 159563.0, 185896.0, 213493.0, 242170.0, 271631.0, 300311.0, 328476.0, 358755.0, 384645.0, 410129.0, 434373.0, 455667.0, 478275.0, 496694.0, 517462.0, 537280.0, 554130.0, 569716.0, 589455.0, 606028.0, 625380.0, 645414.0, 666049.0, 687263.0, 711675.0, 737617.0, 769310.0, 800515.0, 838177.0, 884853.0, 941022.0, 1007489.0, 1097113.0, 1221298.0, 1419787.0, 1796749.0, 9560927.0], "Data_reg_2_y": [0.0, 1.25, 2.5, 3.75, 5.0, 6.25, 7.5, 8.75, 10.0, 11.25, 12.5, 13.75, 15.0, 16.25, 17.5, 18.75, 20.0, 21.25, 22.5, 23.75, 25.0, 26.25, 27.5, 28.75, 30.0, 31.25, 32.5, 33.75, 35.0, 36.25, 37.5, 38.75, 40.0, 41.25, 42.5, 43.75, 45.0, 46.25, 47.5, 48.75, 50.0, 51.25, 52.5, 53.75, 55.0, 56.25, 57.5, 58.75, 60.0, 61.25, 62.5, 63.75, 65.0, 66.25, 67.5, 68.75, 70.0, 71.25, 72.5, 73.75, 75.0, 76.25, 77.5, 78.75, 80.0, 81.25, 82.5, 83.75, 85.0, 86.25, 87.5, 88.75, 90.0, 91.25, 92.5, 93.75, 95.0, 96.25, 97.5, 98.75, 100.0], "Data_reg_3_x": [8237.0, 3064.0, 4381.0, 8232.0, 11911.0, 15009.0, 17356.0, 19262.0, 21022.0, 23104.0, 25419.0, 27316.0, 29416.0, 31662.0, 33603.0, 35852.0, 38543.0, 41034.0, 43247.0, 46382.0, 49654.0, 52505.0, 56007.0, 59238.0, 63091.0, 67143.0, 70714.0, 74988.0, 79785.0, 83894.0, 88721.0, 93088.0, 99109.0, 104212.0, 109475.0, 115362.0, 120659.0, 126755.0, 133055.0, 140294.0, 206349.0, 249516.0, 294263.0, 345397.0, 404052.0, 469675.0, 545639.0, 625193.0, 707407.0, 792057.0, 869389.0, 942097.0, 1005604.0, 1058237.0, 1101286.0, 1137854.0, 1167704.0, 1191253.0, 1210181.0, 1222749.0, 1234453.0, 1247385.0, 1254274.0, 1260688.0, 1270023.0, 1273448.0, 1280838.0, 1284992.0, 1294968.0, 1308006.0, 1323538.0, 1343128.0, 1371175.0, 1408811.0, 1463221.0, 1544142.0, 1664656.0, 1877115.0, 2315704.0, 13583133.0], "Data_reg_3_y": [0.0, 1.25, 2.5, 3.75, 5.0, 6.25, 7.5, 8.75, 10.0, 11.25, 12.5, 13.75, 15.0, 16.25, 17.5, 18.75, 20.0, 21.25, 22.5, 23.75, 25.0, 26.25, 27.5, 28.75, 30.0, 31.25, 32.5, 33.75, 35.0, 36.25, 37.5, 38.75, 40.0, 41.25, 42.5, 43.75, 45.0, 46.25, 47.5, 48.75, 50.0, 51.25, 52.5, 53.75, 55.0, 56.25, 57.5, 58.75, 60.0, 61.25, 62.5, 63.75, 65.0, 66.25, 67.5, 68.75, 70.0, 71.25, 72.5, 73.75, 75.0, 76.25, 77.5, 78.75, 80.0, 81.25, 82.5, 83.75, 85.0, 86.25, 87.5, 88.75, 90.0, 91.25, 92.5, 93.75, 95.0, 96.25, 97.5, 98.75, 100.0], "Preds_reg_0_x": [12400189.0, 199547.0, 199789.0, 200439.0, 200485.0, 201718.0, 203000.0, 204017.0, 204968.0, 206688.0, 208182.0, 210747.0, 211444.0, 213550.0, 214982.0, 217774.0, 219106.0, 221755.0, 225807.0, 227336.0, 230250.0, 233721.0, 235884.0, 240298.0, 244524.0, 247931.0, 252136.0, 256385.0, 261325.0, 266154.0, 271179.0, 278179.0, 284220.0, 291468.0, 301484.0, 309535.0, 319112.0, 327937.0, 337638.0, 348867.0, 358235.0, 371784.0, 385020.0, 400580.0, 417444.0, 434059.0, 453977.0, 476501.0, 500155.0, 524828.0, 556102.0, 589110.0, 626289.0, 666662.0, 716767.0, 770235.0, 829158.0, 898692.0, 977327.0, 1063542.0, 1156362.0, 1260334.0, 1364676.0, 1470323.0, 1579269.0, 1694383.0, 1817738.0, 1930062.0, 1974289.0, 1855351.0, 1603276.0, 1346838.0, 1129358.0, 942766.0, 774557.0, 621042.0, 488239.0, 374046.0, 280474.0, 811818.0], "Preds_reg_0_y": [0.0, 1.25, 2.5, 3.75, 5.0, 6.25, 7.5, 8.75, 10.0, 11.25, 12.5, 13.75, 15.0, 16.25, 17.5, 18.75, 20.0, 21.25, 22.5, 23.75, 25.0, 26.25, 27.5, 28.75, 30.0, 31.25, 32.5, 33.75, 35.0, 36.25, 37.5, 38.75, 40.0, 41.25, 42.5, 43.75, 45.0, 46.25, 47.5, 48.75, 50.0, 51.25, 52.5, 53.75, 55.0, 56.25, 57.5, 58.75, 60.0, 61.25, 62.5, 63.75, 65.0, 66.25, 67.5, 68.75, 70.0, 71.25, 72.5, 73.75, 75.0, 76.25, 77.5, 78.75, 80.0, 81.25, 82.5, 83.75, 85.0, 86.25, 87.5, 88.75, 90.0, 91.25, 92.5, 93.75, 95.0, 96.25, 97.5, 98.75, 100.0], "Preds_reg_1_x": [7360577.0, 118892.0, 118892.0, 118785.0, 118162.0, 119439.0, 119088.0, 120106.0, 120820.0, 121733.0, 123759.0, 125444.0, 126999.0, 128897.0, 130235.0, 132560.0, 135775.0, 138174.0, 140963.0, 143946.0, 147232.0, 151457.0, 155389.0, 160101.0, 165667.0, 171232.0, 177204.0, 184069.0, 191818.0, 199696.0, 208400.0, 218659.0, 227671.0, 239451.0, 252068.0, 265608.0, 280025.0, 296560.0, 312857.0, 329974.0, 350597.0, 371259.0, 393741.0, 417974.0, 444191.0, 474720.0, 503085.0, 533060.0, 564930.0, 595280.0, 624351.0, 650091.0, 669859.0, 683194.0, 684679.0, 676570.0, 662348.0, 640481.0, 617371.0, 594966.0, 579676.0, 571671.0, 569533.0, 576334.0, 586164.0, 596977.0, 601809.0, 598938.0, 582207.0, 556548.0, 523057.0, 486483.0, 446561.0, 407804.0, 365835.0, 323822.0, 278497.0, 234655.0, 188988.0, 1047672.0],