{"Regime 1 MSE": 69.10582370627999, "Regime 1 R2": 0.9497332801583412, "Regime 2 MSE": 50.6008731854504, "Regime 2 R2": 0.9567730565885562, "Regime 3 MSE": 38.11617981386257, "Regime 3 R2": 0.9068506036116535, "Regime 4 MSE": 27.544058635599598, "Regime 4 R2": 0.9036912805443734, "Data_reg_0_x": [6911591.0, 1758974.0, 1270583.0, 1007668.0, 839939.0, 726091.0, 640977.0, 576084.0, 523250.0, 482052.0, 446658.0, 417379.0, 391222.0, 369644.0, 350959.0, 333802.0, 319336.0, 305104.0, 293743.0, 283435.0, 272933.0, 264435.0, 256207.0, 249180.0, 241822.0, 234868.0, 229781.0, 224206.0, 219351.0, 214489.0, 210325.0, 206312.0, 202627.0, 199358.0, 197747.0, 194401.0, 192579.0, 189969.0, 189081.0, 188096.0, 306229.0, 361831.0, 404493.0, 444781.0, 480877.0, 515523.0, 547724.0, 580047.0, 611466.0, 638333.0, 664977.0, 688401.0, 710218.0, 728255.0, 743579.0, 757843.0, 771609.0, 778869.0, 787288.0, 793000.0, 798313.0, 800049.0, 802992.0, 803911.0, 804748.0, 806049.0, 807161.0, 812016.0, 813234.0, 821418.0, 827411.0, 836641.0, 852873.0, 872378.0, 900648.0, 940210.0, 1000867.0, 1105268.0, 1313965.0, 6759665.0], "Data_reg_0_y": [0.0, 1.25, 2.5, 3.75, 5.0, 6.25, 7.5, 8.75, 10.0, 11.25, 12.5, 13.75, 15.0, 16.25, 17.5, 18.75, 20.0, 21.25, 22.5, 23.75, 25.0, 26.25, 27.5, 28.75, 30.0, 31.25, 32.5, 33.75, 35.0, 36.25, 37.5, 38.75, 40.0, 41.25, 42.5, 43.75, 45.0, 46.25, 47.5, 48.75, 50.0, 51.25, 52.5, 53.75, 55.0, 56.25, 57.5, 58.75, 60.0, 61.25, 62.5, 63.75, 65.0, 66.25, 67.5, 68.75, 70.0, 71.25, 72.5, 73.75, 75.0, 76.25, 77.5, 78.75, 80.0, 81.25, 82.5, 83.75, 85.0, 86.25, 87.5, 88.75, 90.0, 91.25, 92.5, 93.75, 95.0, 96.25, 97.5, 98.75, 100.0], "Data_reg_1_x": [4103435.0, 968118.0, 667913.0, 530703.0, 450234.0, 396837.0, 359392.0, 329951.0, 307540.0, 290536.0, 275867.0, 263819.0, 253875.0, 243800.0, 236397.0, 230116.0, 224181.0, 218666.0, 215110.0, 211157.0, 208094.0, 204901.0, 202508.0, 199574.0, 197633.0, 195414.0, 194359.0, 192252.0, 191048.0, 190636.0, 190121.0, 187612.0, 187905.0, 187145.0, 186389.0, 185915.0, 185361.0, 184652.0, 184936.0, 186887.0, 388751.0, 458375.0, 499472.0, 527496.0, 550626.0, 568970.0, 582303.0, 596493.0, 603869.0, 607995.0, 607812.0, 604565.0, 595387.0, 581049.0, 566719.0, 548582.0, 529979.0, 508195.0, 488028.0, 467385.0, 446949.0, 428128.0, 406829.0, 387781.0, 371314.0, 353598.0, 338538.0, 324699.0, 314626.0, 303961.0, 294756.0, 289779.0, 285073.0, 284122.0, 287860.0, 296031.0, 312453.0, 345786.0, 419129.0, 3379910.0], "Data_reg_1_y": [0.0, 1.25, 2.5, 3.75, 5.0, 6.25, 7.5, 8.75, 10.0, 11.25, 12.5, 13.75, 15.0, 16.25, 17.5, 18.75, 20.0, 21.25, 22.5, 23.75, 25.0, 26.25, 27.5, 28.75, 30.0, 31.25, 32.5, 33.75, 35.0, 36.25, 37.5, 38.75, 40.0, 41.25, 42.5, 43.75, 45.0, 46.25, 47.5, 48.75, 50.0, 51.25, 52.5, 53.75, 55.0, 56.25, 57.5, 58.75, 60.0, 61.25, 62.5, 63.75, 65.0, 66.25, 67.5, 68.75, 70.0, 71.25, 72.5, 73.75, 75.0, 76.25, 77.5, 78.75, 80.0, 81.25, 82.5, 83.75, 85.0, 86.25, 87.5, 88.75, 90.0, 91.25, 92.5, 93.75, 95.0, 96.25, 97.5, 98.75, 100.0], "Data_reg_2_x": [7086.0, 3423.0, 14987.0, 30926.0, 43006.0, 51294.0, 57036.0, 61144.0, 63641.0, 65601.0, 67298.0, 67588.0, 67835.0, 68506.0, 68739.0, 69052.0, 68962.0, 68662.0, 68858.0, 68918.0, 69621.0, 68997.0, 69369.0, 69181.0, 69501.0, 69637.0, 69408.0, 70239.0, 70419.0, 70580.0, 70733.0, 71417.0, 71615.0, 71913.0, 72778.0, 73650.0, 74809.0, 75711.0, 76363.0, 78403.0, 98924.0, 116820.0, 136919.0, 159563.0, 185896.0, 213493.0, 242170.0, 271631.0, 300311.0, 328476.0, 358755.0, 384645.0, 410129.0, 434373.0, 455667.0, 478275.0, 496694.0, 517462.0, 537280.0, 554130.0, 569716.0, 589455.0, 606028.0, 625380.0, 645414.0, 666049.0, 687263.0, 711675.0, 737617.0, 769310.0, 800515.0, 838177.0, 884853.0, 941022.0, 1007489.0, 1097113.0, 1221298.0, 1419787.0, 1796749.0, 9560927.0], "Data_reg_2_y": [0.0, 1.25, 2.5, 3.75, 5.0, 6.25, 7.5, 8.75, 10.0, 11.25, 12.5, 13.75, 15.0, 16.25, 17.5, 18.75, 20.0, 21.25, 22.5, 23.75, 25.0, 26.25, 27.5, 28.75, 30.0, 31.25, 32.5, 33.75, 35.0, 36.25, 37.5, 38.75, 40.0, 41.25, 42.5, 43.75, 45.0, 46.25, 47.5, 48.75, 50.0, 51.25, 52.5, 53.75, 55.0, 56.25, 57.5, 58.75, 60.0, 61.25, 62.5, 63.75, 65.0, 66.25, 67.5, 68.75, 70.0, 71.25, 72.5, 73.75, 75.0, 76.25, 77.5, 78.75, 80.0, 81.25, 82.5, 83.75, 85.0, 86.25, 87.5, 88.75, 90.0, 91.25, 92.5, 93.75, 95.0, 96.25, 97.5, 98.75, 100.0], "Data_reg_3_x": [8237.0, 3064.0, 4381.0, 8232.0, 11911.0, 15009.0, 17356.0, 19262.0, 21022.0, 23104.0, 25419.0, 27316.0, 29416.0, 31662.0, 33603.0, 35852.0, 38543.0, 41034.0, 43247.0, 46382.0, 49654.0, 52505.0, 56007.0, 59238.0, 63091.0, 67143.0, 70714.0, 74988.0, 79785.0, 83894.0, 88721.0, 93088.0, 99109.0, 104212.0, 109475.0, 115362.0, 120659.0, 126755.0, 133055.0, 140294.0, 206349.0, 249516.0, 294263.0, 345397.0, 404052.0, 469675.0, 545639.0, 625193.0, 707407.0, 792057.0, 869389.0, 942097.0, 1005604.0, 1058237.0, 1101286.0, 1137854.0, 1167704.0, 1191253.0, 1210181.0, 1222749.0, 1234453.0, 1247385.0, 1254274.0, 1260688.0, 1270023.0, 1273448.0, 1280838.0, 1284992.0, 1294968.0, 1308006.0, 1323538.0, 1343128.0, 1371175.0, 1408811.0, 1463221.0, 1544142.0, 1664656.0, 1877115.0, 2315704.0, 13583133.0], "Data_reg_3_y": [0.0, 1.25, 2.5, 3.75, 5.0, 6.25, 7.5, 8.75, 10.0, 11.25, 12.5, 13.75, 15.0, 16.25, 17.5, 18.75, 20.0, 21.25, 22.5, 23.75, 25.0, 26.25, 27.5, 28.75, 30.0, 31.25, 32.5, 33.75, 35.0, 36.25, 37.5, 38.75, 40.0, 41.25, 42.5, 43.75, 45.0, 46.25, 47.5, 48.75, 50.0, 51.25, 52.5, 53.75, 55.0, 56.25, 57.5, 58.75, 60.0, 61.25, 62.5, 63.75, 65.0, 66.25, 67.5, 68.75, 70.0, 71.25, 72.5, 73.75, 75.0, 76.25, 77.5, 78.75, 80.0, 81.25, 82.5, 83.75, 85.0, 86.25, 87.5, 88.75, 90.0, 91.25, 92.5, 93.75, 95.0, 96.25, 97.5, 98.75, 100.0], "Preds_reg_0_x": [5096993.0, 2392329.0, 1889940.0, 1377668.0, 956156.0, 734671.0, 622824.0, 547989.0, 497048.0, 467482.0, 446648.0, 427731.0, 404021.0, 379451.0, 354500.0, 332387.0, 312611.0, 292595.0, 277747.0, 265889.0, 254927.0, 245545.0, 239403.0, 233423.0, 227453.0, 223217.0, 218664.0, 214617.0, 209582.0, 207749.0, 204799.0, 203613.0, 203107.0, 203953.0, 207055.0, 211631.0, 217089.0, 225242.0, 236382.0, 248647.0, 264880.0, 283565.0, 304665.0, 329444.0, 357512.0, 390176.0, 425801.0, 463902.0, 509148.0, 554600.0, 606228.0, 657653.0, 716784.0, 775787.0, 839268.0, 897636.0, 954612.0, 999221.0, 1038287.0, 1062338.0, 1072028.0, 1073725.0, 1063551.0, 1048558.0, 1027182.0, 1004447.0, 981393.0, 956330.0, 938885.0, 929775.0, 926215.0, 937057.0, 958738.0, 991560.0, 1043482.0, 1122456.0, 1252826.0, 1472981.0, 1901030.0, 2774914.0], "Preds_reg_0_y": [0.0, 1.25, 2.5, 3.75, 5.0, 6.25, 7.5, 8.75, 10.0, 11.25, 12.5, 13.75, 15.0, 16.25, 17.5, 18.75, 20.0, 21.25, 22.5, 23.75, 25.0, 26.25, 27.5, 28.75, 30.0, 31.25, 32.5, 33.75, 35.0, 36.25, 37.5, 38.75, 40.0, 41.25, 42.5, 43.75, 45.0, 46.25, 47.5, 48.75, 50.0, 51.25, 52.5, 53.75, 55.0, 56.25, 57.5, 58.75, 60.0, 61.25, 62.5, 63.75, 65.0, 66.25, 67.5, 68.75, 70.0, 71.25, 72.5, 73.75, 75.0, 76.25, 77.5, 78.75, 80.0, 81.25, 82.5, 83.75, 85.0, 86.25, 87.5, 88.75, 90.0, 91.25, 92.5, 93.75, 95.0, 96.25, 97.5, 98.75, 100.0], "Preds_reg_1_x": [4425098.0, 953718.0, 649500.0, 526515.0, 452022.0, 401579.0, 363118.0, 330756.0, 304613.0, 284951.0, 270701.0, 257055.0, 245037.0, 236853.0, 228348.0, 222293.0, 216894.0, 212337.0, 207110.0, 202250.0, 199400.0, 194691.0, 190982.0, 187592.0, 184334.0, 180854.0, 178695.0, 177463.0, 175811.0, 176308.0, 176545.0, 178237.0, 182332.0, 188111.0, 194742.0, 205436.0, 218665.0, 235704.0, 257713.0, 286318.0, 321511.0, 366434.0, 414670.0, 468214.0, 523989.0, 575998.0, 618919.0, 650333.0, 667185.0, 672724.0, 668367.0, 658686.0, 644095.0, 626773.0, 605000.0, 583052.0, 556798.0, 531294.0, 505993.0, 478497.0, 454500.0, 432532.0, 411970.0, 393950.0, 380127.0, 366496.0, 356990.0, 349607.0, 345089.0, 342948.0, 344929.0, 349983.0, 359774.0, 375389.0, 401638.0, 440666.0, 498623.0, 607207.0, 802371.0, 1260360.0],