{"SFS NN 6": {"Regime 1 MSE": 110.05088449329598, "Regime 1 R2": 0.9199503503110904, "Regime 2 MSE": 117.15279553893356, "Regime 2 R2": 0.8999195676980913, "Regime 3 MSE": 60.944951093863445, "Regime 3 R2": 0.8510610078178401, "Regime 4 MSE": 56.16917672658079, "Regime 4 R2": 0.8036026006558775}, "Data_sfs_6_reg_1_x": [6911591.0, 1758974.0, 1270583.0, 1007668.0, 839939.0, 726091.0, 640977.0, 576084.0, 523250.0, 482052.0, 446658.0, 417379.0, 391222.0, 369644.0, 350959.0, 333802.0, 319336.0, 305104.0, 293743.0, 283435.0, 272933.0, 264435.0, 256207.0, 249180.0, 241822.0, 234868.0, 229781.0, 224206.0, 219351.0, 214489.0, 210325.0, 206312.0, 202627.0, 199358.0, 197747.0, 194401.0, 192579.0, 189969.0, 189081.0, 188096.0, 306229.0, 361831.0, 404493.0, 444781.0, 480877.0, 515523.0, 547724.0, 580047.0, 611466.0, 638333.0, 664977.0, 688401.0, 710218.0, 728255.0, 743579.0, 757843.0, 771609.0, 778869.0, 787288.0, 793000.0, 798313.0, 800049.0, 802992.0, 803911.0, 804748.0, 806049.0, 807161.0, 812016.0, 813234.0, 821418.0, 827411.0, 836641.0, 852873.0, 872378.0, 900648.0, 940210.0, 1000867.0, 1105268.0, 1313965.0, 6759665.0], "Data_sfs_6_reg_1_y": [0.0, 1.25, 2.5, 3.75, 5.0, 6.25, 7.5, 8.75, 10.0, 11.25, 12.5, 13.75, 15.0, 16.25, 17.5, 18.75, 20.0, 21.25, 22.5, 23.75, 25.0, 26.25, 27.5, 28.75, 30.0, 31.25, 32.5, 33.75, 35.0, 36.25, 37.5, 38.75, 40.0, 41.25, 42.5, 43.75, 45.0, 46.25, 47.5, 48.75, 50.0, 51.25, 52.5, 53.75, 55.0, 56.25, 57.5, 58.75, 60.0, 61.25, 62.5, 63.75, 65.0, 66.25, 67.5, 68.75, 70.0, 71.25, 72.5, 73.75, 75.0, 76.25, 77.5, 78.75, 80.0, 81.25, 82.5, 83.75, 85.0, 86.25, 87.5, 88.75, 90.0, 91.25, 92.5, 93.75, 95.0, 96.25, 97.5, 98.75, 100.0], "Data_sfs_6_reg_2_x": [4103435.0, 968118.0, 667913.0, 530703.0, 450234.0, 396837.0, 359392.0, 329951.0, 307540.0, 290536.0, 275867.0, 263819.0, 253875.0, 243800.0, 236397.0, 230116.0, 224181.0, 218666.0, 215110.0, 211157.0, 208094.0, 204901.0, 202508.0, 199574.0, 197633.0, 195414.0, 194359.0, 192252.0, 191048.0, 190636.0, 190121.0, 187612.0, 187905.0, 187145.0, 186389.0, 185915.0, 185361.0, 184652.0, 184936.0, 186887.0, 388751.0, 458375.0, 499472.0, 527496.0, 550626.0, 568970.0, 582303.0, 596493.0, 603869.0, 607995.0, 607812.0, 604565.0, 595387.0, 581049.0, 566719.0, 548582.0, 529979.0, 508195.0, 488028.0, 467385.0, 446949.0, 428128.0, 406829.0, 387781.0, 371314.0, 353598.0, 338538.0, 324699.0, 314626.0, 303961.0, 294756.0, 289779.0, 285073.0, 284122.0, 287860.0, 296031.0, 312453.0, 345786.0, 419129.0, 3379910.0], "Data_sfs_6_reg_2_y": [0.0, 1.25, 2.5, 3.75, 5.0, 6.25, 7.5, 8.75, 10.0, 11.25, 12.5, 13.75, 15.0, 16.25, 17.5, 18.75, 20.0, 21.25, 22.5, 23.75, 25.0, 26.25, 27.5, 28.75, 30.0, 31.25, 32.5, 33.75, 35.0, 36.25, 37.5, 38.75, 40.0, 41.25, 42.5, 43.75, 45.0, 46.25, 47.5, 48.75, 50.0, 51.25, 52.5, 53.75, 55.0, 56.25, 57.5, 58.75, 60.0, 61.25, 62.5, 63.75, 65.0, 66.25, 67.5, 68.75, 70.0, 71.25, 72.5, 73.75, 75.0, 76.25, 77.5, 78.75, 80.0, 81.25, 82.5, 83.75, 85.0, 86.25, 87.5, 88.75, 90.0, 91.25, 92.5, 93.75, 95.0, 96.25, 97.5, 98.75, 100.0], "Data_sfs_6_reg_3_x": [7086.0, 3423.0, 14987.0, 30926.0, 43006.0, 51294.0, 57036.0, 61144.0, 63641.0, 65601.0, 67298.0, 67588.0, 67835.0, 68506.0, 68739.0, 69052.0, 68962.0, 68662.0, 68858.0, 68918.0, 69621.0, 68997.0, 69369.0, 69181.0, 69501.0, 69637.0, 69408.0, 70239.0, 70419.0, 70580.0, 70733.0, 71417.0, 71615.0, 71913.0, 72778.0, 73650.0, 74809.0, 75711.0, 76363.0, 78403.0, 98924.0, 116820.0, 136919.0, 159563.0, 185896.0, 213493.0, 242170.0, 271631.0, 300311.0, 328476.0, 358755.0, 384645.0, 410129.0, 434373.0, 455667.0, 478275.0, 496694.0, 517462.0, 537280.0, 554130.0, 569716.0, 589455.0, 606028.0, 625380.0, 645414.0, 666049.0, 687263.0, 711675.0, 737617.0, 769310.0, 800515.0, 838177.0, 884853.0, 941022.0, 1007489.0, 1097113.0, 1221298.0, 1419787.0, 1796749.0, 9560927.0], "Data_sfs_6_reg_3_y": [0.0, 1.25, 2.5, 3.75, 5.0, 6.25, 7.5, 8.75, 10.0, 11.25, 12.5, 13.75, 15.0, 16.25, 17.5, 18.75, 20.0, 21.25, 22.5, 23.75, 25.0, 26.25, 27.5, 28.75, 30.0, 31.25, 32.5, 33.75, 35.0, 36.25, 37.5, 38.75, 40.0, 41.25, 42.5, 43.75, 45.0, 46.25, 47.5, 48.75, 50.0, 51.25, 52.5, 53.75, 55.0, 56.25, 57.5, 58.75, 60.0, 61.25, 62.5, 63.75, 65.0, 66.25, 67.5, 68.75, 70.0, 71.25, 72.5, 73.75, 75.0, 76.25, 77.5, 78.75, 80.0, 81.25, 82.5, 83.75, 85.0, 86.25, 87.5, 88.75, 90.0, 91.25, 92.5, 93.75, 95.0, 96.25, 97.5, 98.75, 100.0], "Data_sfs_6_reg_4_x": [8237.0, 3064.0, 4381.0, 8232.0, 11911.0, 15009.0, 17356.0, 19262.0, 21022.0, 23104.0, 25419.0, 27316.0, 29416.0, 31662.0, 33603.0, 35852.0, 38543.0, 41034.0, 43247.0, 46382.0, 49654.0, 52505.0, 56007.0, 59238.0, 63091.0, 67143.0, 70714.0, 74988.0, 79785.0, 83894.0, 88721.0, 93088.0, 99109.0, 104212.0, 109475.0, 115362.0, 120659.0, 126755.0, 133055.0, 140294.0, 206349.0, 249516.0, 294263.0, 345397.0, 404052.0, 469675.0, 545639.0, 625193.0, 707407.0, 792057.0, 869389.0, 942097.0, 1005604.0, 1058237.0, 1101286.0, 1137854.0, 1167704.0, 1191253.0, 1210181.0, 1222749.0, 1234453.0, 1247385.0, 1254274.0, 1260688.0, 1270023.0, 1273448.0, 1280838.0, 1284992.0, 1294968.0, 1308006.0, 1323538.0, 1343128.0, 1371175.0, 1408811.0, 1463221.0, 1544142.0, 1664656.0, 1877115.0, 2315704.0, 13583133.0], "Data_sfs_6_reg_4_y": [0.0, 1.25, 2.5, 3.75, 5.0, 6.25, 7.5, 8.75, 10.0, 11.25, 12.5, 13.75, 15.0, 16.25, 17.5, 18.75, 20.0, 21.25, 22.5, 23.75, 25.0, 26.25, 27.5, 28.75, 30.0, 31.25, 32.5, 33.75, 35.0, 36.25, 37.5, 38.75, 40.0, 41.25, 42.5, 43.75, 45.0, 46.25, 47.5, 48.75, 50.0, 51.25, 52.5, 53.75, 55.0, 56.25, 57.5, 58.75, 60.0, 61.25, 62.5, 63.75, 65.0, 66.25, 67.5, 68.75, 70.0, 71.25, 72.5, 73.75, 75.0, 76.25, 77.5, 78.75, 80.0, 81.25, 82.5, 83.75, 85.0, 86.25, 87.5, 88.75, 90.0, 91.25, 92.5, 93.75, 95.0, 96.25, 97.5, 98.75, 100.0], "Preds_sfs_6_reg_1_x": [7193250.0, 1682241.0, 1118098.0, 989878.0, 966643.0, 791338.0, 644575.0, 553626.0, 495972.0, 451044.0, 414318.0, 385256.0, 360190.0, 338308.0, 320007.0, 303971.0, 290211.0, 278234.0, 270147.0, 262081.0, 256421.0, 250797.0, 248642.0, 245562.0, 244542.0, 242879.0, 242541.0, 243462.0, 243840.0, 246894.0, 249359.0, 251856.0, 256191.0, 261041.0, 267221.0, 274941.0, 283483.0, 293907.0, 304332.0, 316346.0, 331173.0, 348458.0, 366029.0, 386444.0, 409223.0, 436340.0, 466065.0, 498692.0, 535676.0, 575363.0, 618240.0, 665492.0, 709831.0, 756284.0, 798947.0, 836575.0, 869750.0, 897489.0, 923495.0, 945377.0, 967538.0, 983462.0, 989667.0, 991485.0, 995043.0, 1004476.0, 1015094.0, 1036596.0, 1062459.0, 1085929.0, 1109933.0, 1149584.0, 1202273.0, 1266463.0, 1347774.0, 1443665.0, 1545067.0, 1576393.0, 1228391.0, 711538.0], "Preds_sfs_6_reg_1_y": [0.0, 1.25, 2.5, 3.75, 5.0, 6.25, 7.5, 8.75, 10.0, 11.25, 12.5, 13.75, 15.0, 16.25, 17.5, 18.75, 20.0, 21.25, 22.5, 23.75, 25.0, 26.25, 27.5, 28.75, 30.0, 31.25, 32.5, 33.75, 35.0, 36.25, 37.5, 38.75, 40.0, 41.25, 42.5, 43.75, 45.0, 46.25, 47.5, 48.75, 50.0, 51.25, 52.5, 53.75, 55.0, 56.25, 57.5, 58.75, 60.0, 61.25, 62.5, 63.75, 65.0, 66.25, 67.5, 68.75, 70.0, 71.25, 72.5, 73.75, 75.0, 76.25, 77.5, 78.75, 80.0, 81.25, 82.5, 83.75, 85.0, 86.25, 87.5, 88.75, 90.0, 91.25, 92.5, 93.75, 95.0, 96.25, 97.5, 98.75, 100.0], "Preds_sfs_6_reg_2_x": [3378814.0, 1273541.0, 775246.0, 581367.0, 492805.0, 438480.0, 394425.0, 356976.0, 329455.0, 306552.0, 286917.0, 268906.0, 254336.0, 241747.0, 230493.0, 221848.0, 214828.0, 208616.0, 204334.0, 200823.0, 196722.0, 194387.0, 193304.0, 191967.0, 190977.0, 191382.0, 194214.0, 194899.0, 197927.0, 201254.0, 206561.0, 213387.0, 221355.0, 228255.0, 239131.0, 251685.0, 265518.0, 284420.0, 304302.0, 326187.0, 353273.0, 382284.0, 413603.0, 447214.0, 481373.0, 515538.0, 550217.0, 582264.0, 612188.0, 635604.0, 654431.0, 670682.0, 677833.0, 681034.0, 679900.0, 673750.0, 661568.0, 648103.0, 628987.0, 611194.0, 583999.0, 557697.0, 525004.0, 490161.0, 454321.0, 422102.0, 395134.0, 377847.0, 366910.0, 365337.0, 369836.0, 376928.0, 383084.0, 386948.0, 382737.0, 403344.0, 451541.0, 483837.0, 434846.0, 453366.0],