{"MSE": 1373.4967049168715, "R2": 0.20497360401171638}