{"MSE": 1373.4968154531512, "R2": 0.20497354002957524}