{"column-based_NN_tl_2_seed_10": {"MSE": 23.957225799560547, "R2": 0.9261330291628838}, "number_horizontal_locations": 100, "column-based_NN_tl_1_seed_10": {"MSE": 62.90530776977539, "R2": 0.8060449659824371}, "column-based_NN_tl_0_seed_10": {"MSE": 187.1388397216797, "R2": 0.42299753427505493}, "column-based_NN": {"MSE": 223.43478393554688, "R2": 0.3110867738723755}, "column-based_NN_tl_1_seed_100": {"MSE": 65.15773010253906, "R2": 0.7991001158952713}, "column-based_NN_tl_2_seed_100": {"MSE": 34.41830062866211, "R2": 0.8938785493373871}, "column-based_NN_tl_0_seed_100": {"MSE": 101.83393859863281, "R2": 0.6860168874263763}, "column-based_NN_tl_2_seed_90": {"MSE": 24.986268997192383, "R2": 0.9229601994156837}, "column-based_NN_tl_0_seed_90": {"MSE": 103.69507598876953, "R2": 0.680278480052948}, "column-based_NN_tl_1_seed_90": {"MSE": 36.1312255859375, "R2": 0.8885971158742905}, "column-based_NN_tl_1_seed_80": {"MSE": 38.31007766723633, "R2": 0.8818790912628174}, "column-based_NN_tl_2_seed_80": {"MSE": 23.750436782836914, "R2": 0.9267706200480461}, "column-based_NN_tl_0_seed_80": {"MSE": 114.25369262695312, "R2": 0.6477232277393341}, "column-based_NN_tl_2_seed_70": {"MSE": 23.71068000793457, "R2": 0.9268932044506073}, "column-based_NN_tl_0_seed_70": {"MSE": 134.1566619873047, "R2": 0.5863566994667053}, "column-based_NN_tl_1_seed_70": {"MSE": 64.6058349609375, "R2": 0.8008017539978027}, "column-based_NN_tl_1_seed_60": {"MSE": 36.15558624267578, "R2": 0.8885219991207123}, "column-based_NN_tl_2_seed_60": {"MSE": 24.092073440551758, "R2": 0.925717256963253}, "column-based_NN_tl_0_seed_60": {"MSE": 125.42938995361328, "R2": 0.6132653653621674}, "column-based_NN_tl_1_seed_50": {"MSE": 35.061763763427734, "R2": 0.8918945714831352}, "column-based_NN_tl_0_seed_50": {"MSE": 110.38864135742188, "R2": 0.6596402823925018}, "column-based_NN_tl_2_seed_50": {"MSE": 23.673376083374023, "R2": 0.927008219063282}, "column-based_NN_tl_1_seed_40": {"MSE": 43.63997268676758, "R2": 0.8654454946517944}, "column-based_NN_tl_2_seed_40": {"MSE": 23.567869186401367, "R2": 0.9273335263133049}, "column-based_NN_tl_1_seed_30": {"MSE": 34.622894287109375, "R2": 0.8932477310299873}, "column-based_NN_tl_0_seed_30": {"MSE": 134.09713745117188, "R2": 0.5865402221679688}, "column-based_NN_tl_0_seed_40": {"MSE": 87.12401580810547, "R2": 0.7313717901706696}, "column-based_NN_tl_2_seed_30": {"MSE": 24.307661056518555, "R2": 0.9250525385141373}, "column-based_NN_tl_0_seed_20": {"MSE": 131.7891387939453, "R2": 0.593656450510025}, "column-based_NN_tl_1_seed_20": {"MSE": 45.18678665161133, "R2": 0.8606762290000916}, "column-based_NN_tl_2_seed_20": {"MSE": 23.838945388793945, "R2": 0.926497720181942}}