{"xu_randall_tl_0_seed_20": {"MSE_era5_tuned": 176.65422699172908, "R2_era5_tuned": 0.45522086608889434, "Coefficients": [0.9756595366210726, 8560.049026658135], "Check_sum": 37135}, "xu_randall_tl_1_seed_10": {"MSE_era5_tuned": 179.53908950927445, "R2_era5_tuned": 0.44632431755719937, "Coefficients": [1.0363455603463017, 31594.07315865864], "Check_sum": 258878}, "xu_randall_tl_1_seed_20": {"MSE_era5_tuned": "NaN", "R2_era5_tuned": "NaN", "Coefficients": [1.7512898437500009, -131385.338345001], "Check_sum": 312474}, "xu_randall_tl_0_seed_10": {"MSE_era5_tuned": 625.6811525707977, "R2_era5_tuned": -0.9295209755608083, "Coefficients": [0.43979613546605867, 162041.2129162305], "Check_sum": 50496}, "xu_randall_tl_2_seed_10": {"MSE_era5_tuned": 155.01870650493223, "R2_era5_tuned": 0.5219420553478697, "Coefficients": [0.8000972006934649, 16383.383219240903], "Check_sum": 3403558}, "xu_randall_tl_2_seed_20": {"MSE_era5_tuned": 155.10022525748346, "R2_era5_tuned": 0.5216906618988217, "Coefficients": [0.7426508092632548, 16383.950888065792], "Check_sum": 3545139}, "xu_randall_tl_0_seed_40": {"MSE_era5_tuned": 159.28567200992438, "R2_era5_tuned": 0.5087832772545099, "Coefficients": [0.8964701216934821, 21024.736872054447], "Check_sum": 11590}, "xu_randall_tl_1_seed_40": {"MSE_era5_tuned": 156.46979073400277, "R2_era5_tuned": 0.517467096423835, "Coefficients": [0.5415713775298261, 16481.64567687872], "Check_sum": 299382}, "xu_randall_tl_0_seed_30": {"MSE_era5_tuned": "NaN", "R2_era5_tuned": "NaN", "Coefficients": [1.7512898437500009, -131385.338345001], "Check_sum": 38693}, "xu_randall_tl_1_seed_50": {"MSE_era5_tuned": 158.44604099842604, "R2_era5_tuned": 0.511372592342172, "Coefficients": [0.8034605253089958, 19912.394381951814], "Check_sum": 390273}, "xu_randall_tl_0_seed_60": {"MSE_era5_tuned": 183.9742973541431, "R2_era5_tuned": 0.43264670151828954, "Coefficients": [0.4712703732089242, 25852.653359715576], "Check_sum": 2253}, "xu_randall_tl_1_seed_60": {"MSE_era5_tuned": 172.0478159490231, "R2_era5_tuned": 0.46942645098215263, "Coefficients": [0.7463097056652552, 25605.32834885137], "Check_sum": 361950}, "xu_randall_tl_0_seed_50": {"MSE_era5_tuned": 167.6994050645792, "R2_era5_tuned": 0.48283639625126795, "Coefficients": [0.6055152185877757, 9094.323633648757], "Check_sum": 14000}, "xu_randall_tl_1_seed_30": {"MSE_era5_tuned": 157.08019861175188, "R2_era5_tuned": 0.5155846762823217, "Coefficients": [0.8414579387378889, 19136.178269965174], "Check_sum": 415706}, "xu_randall_tl_0_seed_80": {"MSE_era5_tuned": "NaN", "R2_era5_tuned": "NaN", "Coefficients": [1.7512898437500009, -131385.338345001], "Check_sum": 17583}, "xu_randall_tl_2_seed_50": {"MSE_era5_tuned": 154.87915990591583, "R2_era5_tuned": 0.5223723992838569, "Coefficients": [0.6761532846957345, 15261.198494736742], "Check_sum": 3342274}, "xu_randall_tl_1_seed_80": {"MSE_era5_tuned": 155.7593909964583, "R2_era5_tuned": 0.5196578787240416, "Coefficients": [0.7201423811268168, 17214.097639678654], "Check_sum": 302605}, "xu_randall_tl_2_seed_40": {"MSE_era5_tuned": 155.2502817442277, "R2_era5_tuned": 0.5212279068078264, "Coefficients": [0.6520903402593357, 16070.447293326108], "Check_sum": 3299937}, "xu_randall_tl_2_seed_30": {"MSE_era5_tuned": 154.87078581381402, "R2_era5_tuned": 0.5223982239172111, "Coefficients": [0.7544803685843189, 15658.295584144544], "Check_sum": 3287922}, "xu_randall_tl_2_seed_60": {"MSE_era5_tuned": 154.85082053382112, "R2_era5_tuned": 0.5224597942975413, "Coefficients": [0.7034445919670529, 15146.081815378784], "Check_sum": 3598308}, "xu_randall_tl_0_seed_70": {"MSE_era5_tuned": 184.23317391476868, "R2_era5_tuned": 0.43184835918089337, "Coefficients": [0.662038735276758, 28601.493091934717], "Check_sum": 25916}, "xu_randall_tl_1_seed_70": {"MSE_era5_tuned": "NaN", "R2_era5_tuned": "NaN", "Coefficients": [1.7512898437500009, -131385.338345001], "Check_sum": 307176}, "xu_randall_tl_2_seed_80": {"MSE_era5_tuned": 156.01586679347028, "R2_era5_tuned": 0.5188669400358216, "Coefficients": [0.7544161774149728, 17694.334606912347], "Check_sum": 3256019}, "xu_randall_tl_2_seed_70": {"MSE_era5_tuned": 155.29231084683025, "R2_era5_tuned": 0.5210982944090472, "Coefficients": [0.6659374474068906, 13784.091259108556], "Check_sum": 2944653}, "xu_randall_tl_0_seed_100": {"MSE_era5_tuned": "NaN", "R2_era5_tuned": "NaN", "Coefficients": [1.7512898437500009, -131385.338345001], "Check_sum": 38408}, "xu_randall_tl_1_seed_90": {"MSE_era5_tuned": 156.60320007505598, "R2_era5_tuned": 0.5170556790096452, "Coefficients": [0.7018958167267708, 12768.310468062293], "Check_sum": 256016}, "xu_randall_tl_1_seed_100": {"MSE_era5_tuned": 159.34350599731215, "R2_era5_tuned": 0.5086049246042719, "Coefficients": [0.7720206341778058, 20255.103275923335], "Check_sum": 399085}, "xu_randall_tl_0_seed_90": {"MSE_era5_tuned": "NaN", "R2_era5_tuned": "NaN", "Coefficients": [1.7512898437500009, -131385.338345001], "Check_sum": 36699}, "xu_randall_tl_2_seed_90": {"MSE_era5_tuned": 155.2775918303034, "R2_era5_tuned": 0.5211436859811147, "Coefficients": [0.666597636649342, 13806.78348636991], "Check_sum": 3302350}, "xu_randall_tl_2_seed_100": {"MSE_era5_tuned": 154.85864957507982, "R2_era5_tuned": 0.522435650531559, "Coefficients": [0.7493793813988121, 15314.877288147061], "Check_sum": 3073834}, "xu_randall_no_tl": {"MSE_era5_tuned": 823.8340505904155, "R2_era5_tuned": -1.5405992724314355, "Coefficients": [0.9105, 913984.9624], "Check_sum": 3545139}, "xu_randall_tl_0_num_hours_8_seed_50": {"MSE_era5_tuned": "NaN", "R2_era5_tuned": "NaN", "Coefficients": [1.7512898437500009, -131385.338345001], "Check_sum": 14000}, "xu_randall_tl_0_num_hours_1_seed_50": {"MSE_era5_tuned": "NaN", "R2_era5_tuned": "NaN", "Coefficients": [1.7512898437500009, -131385.338345001], "Check_sum": 14000}, "xu_randall_tl_0_num_hours_1_seed_10": {"MSE_era5_tuned": 409.6463355492486, "R2_era5_tuned": -0.2632971182785593, "Coefficients": [2.5685341704337743, 616082.2094387644], "Check_sum": 50496}, "xu_randall_tl_0_num_hours_1_seed_20": {"MSE_era5_tuned": 171.3262246355232, "R2_era5_tuned": 0.471651746677028, "Coefficients": [2.354461875283144, 16604.916892969828], "Check_sum": 37135}, "xu_randall_tl_0_num_hours_8_seed_10": {"MSE_era5_tuned": "NaN", "R2_era5_tuned": "NaN", "Coefficients": [-2.486097371441259, 32176.68684934137], "Check_sum": 50496}, "xu_randall_tl_0_num_hours_8_seed_20": {"MSE_era5_tuned": 180.15620845473904, "R2_era5_tuned": 0.44442120133770424, "Coefficients": [0.6281120244834828, 7363.806716855487], "Check_sum": 37135}, "xu_randall_tl_0_num_hours_8_seed_30": {"MSE_era5_tuned": "NaN", "R2_era5_tuned": "NaN", "Coefficients": [1.7512898437500009, -131385.338345001], "Check_sum": 38693}, "xu_randall_tl_0_num_hours_1_seed_30": {"MSE_era5_tuned": "NaN", "R2_era5_tuned": "NaN", "Coefficients": [1.7512898437500009, -131385.338345001], "Check_sum": 38693}, "xu_randall_tl_0_num_hours_8_seed_60": {"MSE_era5_tuned": 555.9744076326105, "R2_era5_tuned": -0.7145542533834444, "Coefficients": [0.8051660834312315, 201143.5878780228], "Check_sum": 2253}, "xu_randall_tl_0_num_hours_1_seed_60": {"MSE_era5_tuned": 440.7394965713509, "R2_era5_tuned": -0.3591844662386652, "Coefficients": [2.729494695943475, 1224231.1765924217], "Check_sum": 2253}, "xu_randall_tl_0_num_hours_32_seed_20": {"MSE_era5_tuned": 178.5530188174154, "R2_era5_tuned": 0.44936523396567707, "Coefficients": [0.6618519679996853, 7616.985160110205], "Check_sum": 37135}, "xu_randall_tl_0_num_hours_32_seed_10": {"MSE_era5_tuned": "NaN", "R2_era5_tuned": "NaN", "Coefficients": [-4.971528949571521, 24768.511491330413], "Check_sum": 50496}, "xu_randall_tl_0_num_hours_32_seed_40": {"MSE_era5_tuned": 232.9558288707025, "R2_era5_tuned": 0.28159389756540076, "Coefficients": [0.4553390898982213, 37302.33635945943], "Check_sum": 11590}, "xu_randall_tl_0_num_hours_1_seed_40": {"MSE_era5_tuned": "NaN", "R2_era5_tuned": "NaN", "Coefficients": [-0.029853329185218887, 66007.92633155602],