{"pysr_EQ1_tl_0_seed_20": {"MSE": 305.97586039328996, "R2": 0.05640942160661544, "Coefficients": [38.64875600874467, 42.68368572983508, 19.834773900685743, 0.2230496407553616, 1.2482783495277527, 44.90405963812734, 1.5143241480009464, -0.003063721376143559, 0.41203595619332833], "Check_sum": 37135}, "pysr_EQ1_tl_0_seed_10": {"MSE": 260.85965229197654, "R2": 0.19554206050994316, "Coefficients": [38.85311072880929, 42.69458706480113, 19.341363611721412, 1.0440173235703911, 2.324186623661151, 44.97107096319553, 2.007887863733614, 0.12392312165625086, 0.44472652633634824], "Check_sum": 50496}, "pysr_EQ1_tl_1_seed_10": {"MSE": 144.27406992159322, "R2": 0.5550771459241913, "Coefficients": [38.754318235924146, 43.02998685663206, 19.343218282110886, 0.08571828162265699, 1.2639060781784461, 45.10521566189391, 2.1418445111570907, 0.06662453838188073, 0.4435699956685503], "Check_sum": 258878}, "pysr_EQ1_tl_2_seed_10": {"MSE": 133.1632567780457, "R2": 0.5893414783687998, "Coefficients": [38.59146372286655, 43.23061242671358, 19.822561789771704, 0.0008864739509743794, 1.154668603249129, 44.976863293369675, 2.4819394675800788, 0.06015343430938837, 0.4502126710457485], "Check_sum": 3403558}, "pysr_EQ1_tl_0_seed_30": {"MSE": 297.7280234419859, "R2": 0.08184470015889045, "Coefficients": [38.8355602576207, 42.7424454708901, 19.293840271691135, 0.63538488976594, 2.1694826224664103, 44.96405610573053, 2.02433533623349, 0.6207055837603155, 0.6241268187833052], "Check_sum": 38693}, "pysr_EQ1_tl_1_seed_20": {"MSE": 154.13520346248168, "R2": 0.5246666661905901, "Coefficients": [38.805130758001006, 42.763980769441446, 19.242139406167254, 0.028202471836472315, 2.173534387529618, 44.89304441569793, 2.262976120332036, 0.021710489386748938, 0.43348648123614536], "Check_sum": 312474}, "pysr_EQ1_tl_1_seed_30": {"MSE": 121.96236142501719, "R2": 0.6238836128728189, "Coefficients": [38.215581701996314, 44.45551696947187, 20.936207807764205, 0.005056973473926266, -0.6369343651471471, 45.51738181443, 2.4634834746562517, 0.037038188582351056, 0.44272641435891724], "Check_sum": 415706}, "pysr_EQ1_tl_2_seed_20": {"MSE": 157.59943840351272, "R2": 0.513983406905049, "Coefficients": [38.80714703426548, 42.74756674888201, 19.253981122068076, 0.08948810374588576, 2.210940127771471, 44.898857992345896, 2.229327091608074, 0.07214766304061994, 0.4471626047188303], "Check_sum": 3545139}, "pysr_EQ1_tl_0_seed_40": {"MSE": 158.63408404923203, "R2": 0.5107926915263208, "Coefficients": [38.734716867724686, 43.01593414473817, 19.63542970013123, 0.058521145399934305, 1.5767951221416077, 45.08649714276939, 1.879421231689729, 0.04655411977773254, 0.43764572083834374], "Check_sum": 11590}, "pysr_EQ1_tl_1_seed_40": {"MSE": 149.40619014908535, "R2": 0.5392503408696385, "Coefficients": [38.804383792448526, 42.74459980622586, 19.253454199211326, 0.013846961702098148, 2.1840198278283975, 44.8921433696619, 2.271884896787485, 0.11306104776932853, 0.4529553093319016], "Check_sum": 299382}, "pysr_EQ1_tl_2_seed_40": {"MSE": 141.89630698516692, "R2": 0.5624098639418185, "Coefficients": [38.71045849650351, 43.02980418237268, 19.49636483781338, 0.062048664671241927, 1.4376820129234182, 45.008656385515025, 2.1188728861528134, 0.043269751519095255, 0.4351322732834453], "Check_sum": 3299937}, "pysr_EQ1_tl_2_seed_30": {"MSE": 120.45589692073914, "R2": 0.6285293575112805, "Coefficients": [38.21098333931663, 44.02346645404398, 20.89773929967411, 0.0505969527554551, -0.09563021707473007, 45.16289637712383, 2.9525173599596997, 0.03921786996457624, 0.45306769517026013], "Check_sum": 3287922}, "pysr_EQ1_tl_0_seed_50": {"MSE": 168.48170789467878, "R2": 0.4804238739726031, "Coefficients": [38.828596694023105, 42.721322346181765, 19.28583109767691, 0.23334960666077584, 2.355857481020139, 44.91129351093903, 2.1558895977105452, 0.054917631274581075, 0.4256979907977945], "Check_sum": 14000}, "pysr_EQ1_tl_0_seed_60": {"MSE": 164.59867820272004, "R2": 0.49239864292412916, "Coefficients": [38.774407833321234, 42.81719070269184, 19.324400969893066, 0.007931395435577894, 2.2713496547160736, 44.95652047555461, 1.578504894639199, 0.08714632180958408, 0.4263453369519657], "Check_sum": 2253}, "pysr_EQ1_tl_1_seed_50": {"MSE": 135.11465501898024, "R2": 0.5833236147619373, "Coefficients": [38.70238199764233, 43.078264628610356, 19.54564039009654, 0.00012203911838573611, 1.021466063519376, 44.97453960419825, 2.0792859989110526, 0.04107043387260845, 0.435970180515444], "Check_sum": 390273}, "pysr_EQ1_tl_2_seed_50": {"MSE": 142.88231514470138, "R2": 0.5593691403750645, "Coefficients": [38.63399344041526, 43.1898920548421, 19.712577089548997, 0.004119669474252212, 1.2714478534315314, 45.014643110903705, 2.049647974942696, 0.03760501164779365, 0.4372392195502892], "Check_sum": 3342274}, "pysr_EQ1_tl_0_seed_80": {"MSE": 150.02988756832175, "R2": 0.5373269374749938, "Coefficients": [38.805539768705586, 42.78323302486009, 19.215906256197325, 0.009040938156633038, 2.276237178440809, 44.88038580754051, 2.417833384942375, 0.027216013480361567, 0.4308171265170322], "Check_sum": 17583}, "pysr_EQ1_tl_1_seed_70": {"MSE": 181.7314293198369, "R2": 0.4395634208406267, "Coefficients": [38.80892160632843, 42.75526153324685, 19.235152758044467, 0.050998214389874175, 2.3316138154898036, 44.894166419723405, 2.271304336212501, 0.23963320551053302, 0.49975855868893543], "Check_sum": 307176}, "pysr_EQ1_tl_1_seed_80": {"MSE": 130.4279950370642, "R2": 0.5977766771616477, "Coefficients": [38.42189895659646, 43.557494016260016, 20.587360756355686, 0.005114478220189108, 1.0229234843375759, 45.0495949607042, 2.6125635470225355, 0.03403442401183904, 0.44442660834824194], "Check_sum": 302605}, "pysr_EQ1_tl_2_seed_70": {"MSE": 153.40085932005528, "R2": 0.5269312899854257, "Coefficients": [38.8081885956364, 42.748541333078414, 19.24760079613885, 0.07331581306977974, 2.251610617990068, 44.89990701674955, 2.208033523872827, 0.04700284473877159, 0.43816117587138387], "Check_sum": 2944653}, "pysr_EQ1_tl_0_seed_90": {"MSE": 168.54270133292803, "R2": 0.4802357779783576, "Coefficients": [38.069802592630474, 43.539715780795476, 20.41782048904056, 0.027034740577541683, 1.9342148491596607, 44.6635800611609, 1.6121424066278842, 0.015148370531881533, 0.4259908803362228], "Check_sum": 36699}, "pysr_EQ1_tl_1_seed_90": {"MSE": 169.53414041246884, "R2": 0.4771783061460919, "Coefficients": [38.55421465486207, 43.46964287419004, 20.009728404105385, 0.003599721489879748, 1.588925863349711, 45.05803908214908, 1.1533003419900094, 0.04731961131753523, 0.4135660361202431], "Check_sum": 256016}, "pysr_EQ1_tl_2_seed_90": {"MSE": 152.60739348314715, "R2": 0.5293782375551495, "Coefficients": [38.80478689572899, 42.754140130758564, 19.24274272888047, 0.029350338999664414, 2.204744775342606, 44.8962769640236, 2.2029431946662585, 0.03389499285482739, 0.4366825207915956], "Check_sum": 3302350}, "pysr_EQ1_tl_2_seed_80": {"MSE": 147.21071989090353, "R2": 0.5460208914879142, "Coefficients": [38.68170757417868, 43.0531610184263, 19.54476232902753, 0.023920320351026064, 1.2833317777398054, 45.02121841526418, 1.7031609016115756, 0.049223474621453635, 0.42953381680736824], "Check_sum": 3256019}, "pysr_EQ1_tl_0_seed_100": {"MSE": 163.82292299872913, "R2": 0.4947909731579083, "Coefficients": [38.71918325798125, 42.7936940637485, 19.555000505187646, 0.08181480128733369, 1.9275586306300407, 44.85232477917716, 2.2283949446837927, 0.02861151466751699, 0.44182257326623514], "Check_sum": 38408}, "pysr_EQ1_tl_1_seed_100": {"MSE": 140.4765932302296, "R2": 0.5667880803195825, "Coefficients": [38.2891211810083, 43.6653098199074, 20.33731277225773, 0.05981714930146301, 1.2240301163125158, 45.22842271126331, 2.2281239207241206, 0.0429791375905741, 0.4398964618050476], "Check_sum": 399085}, "pysr_EQ1_tl_2_seed_100": {"MSE": 133.19539731836818, "R2": 0.5892423610364921,