{"pysr_EQ1_tl_0_seed_30": {"MSE": 128.80781069677366, "R2": 0.6027731192887933, "Coefficients": [-2.255708290185817, 34.82971300795356, 27.04558844552612, 0.1346480798611261, 1.3685352185348298, 38.399394604502106, 5.015286180947733, 0.20641326954187456, 0.46471332079477135], "Check_sum": 38693}, "pysr_EQ1_tl_1_seed_40": {"MSE": 66.06803078845303, "R2": 0.7962546087627392, "Coefficients": [55.20256693272215, 50.44357712801654, 6.9450972853276856, 0.13120177277740136, 0.3669853788806876, 23.514231590679138, 3.232019877391708, 0.270743883427392, 0.5131402390951054], "Check_sum": 299382}, "pysr_EQ1_tl_1_seed_30": {"MSE": 70.72573835924459, "R2": 0.7818908319109925, "Coefficients": [51.73508090474809, 47.75350883184086, 5.881964256685862, 1.0076461801246674, 1.3380098520918344, 16.047261292072868, 2.041607685745257, 0.3651737649073221, 0.5205600297403192], "Check_sum": 415706}, "pysr_EQ1_tl_1_seed_20": {"MSE": 73.68313694964269, "R2": 0.7727705913702301, "Coefficients": [55.064743134873595, 56.36128367251298, 20.39351817864808, 0.5089103801295032, 2.4079621410623995, 3.841488801124051, 2.872330880810872, 0.5898018067734083, 0.5927656681845218], "Check_sum": 312474}, "pysr_EQ1_tl_0_seed_40": {"MSE": 71.75371169953169, "R2": 0.7787206930723021, "Coefficients": [43.82939498717201, 54.680796025131144, 22.483128955533758, 0.9063884273830021, -0.8225600663584367, 14.913361674658596, 3.3214345500504496, 0.39752666804945913, 0.5285088224527781], "Check_sum": 11590}, "pysr_EQ1_tl_2_seed_20": {"MSE": 60.89319636063416, "R2": 0.8122131389701853, "Coefficients": [51.967309635975184, 45.753598703099115, 6.555305665147576, 0.011164981823141386, 0.0061589311278349435, 29.141136077716652, 6.273745077619221, 0.2989688799939768, 0.5627058659021369], "Check_sum": 3545139}, "pysr_EQ1_tl_2_seed_30": {"MSE": 64.48022236754329, "R2": 0.8011512076785436, "Coefficients": [50.29250697736475, 51.80202433733862, 5.573876075396019, 2.4246417496362014, -0.026216681887287513, 18.555853629210972, 2.6952259501257725, 0.18392413214765568, 0.4828789566903171], "Check_sum": 3287922}, "pysr_EQ1_tl_2_seed_40": {"MSE": 63.12554411622278, "R2": 0.805328862847345, "Coefficients": [60.02054235225977, 51.89014451320959, 7.447241700704495, 0.5785884220407533, 0.0401896172020929, 16.98465109116553, 3.786672479204914, 0.304751168695, 0.532511118674249], "Check_sum": 3299937}, "pysr_EQ1_tl_0_seed_50": {"MSE": 70.56397594588927, "R2": 0.782389686588561, "Coefficients": [43.45478766201326, 54.967779589781, 16.968188153007972, 1.268980549749739, 0.10627709471173236, 9.737904375458765, 4.030228816726939, 0.2500457471356738, 0.5391832626179751], "Check_sum": 14000}, "pysr_EQ1_tl_0_seed_80": {"MSE": 86.7023869996524, "R2": 0.7326208826018773, "Coefficients": [35.96395857599609, 28.50071636737961, 0.0005456401072950123, 3.53323786920616, 1.8491345640182724, 21.758973460366008, 2.51968844354388, 0.43560271439504306, 0.5767502841229817], "Check_sum": 17583}, "pysr_EQ1_tl_0_seed_60": {"MSE": 73.08226569946932, "R2": 0.7746236017670708, "Coefficients": [44.56571379609744, 50.40568450617155, 6.264758375532015, 1.1474450154886089, -5.2859066883696, 31.379568249708456, 9.232513277418455, 0.33398918113190046, 0.6174089404203684], "Check_sum": 2253}, "pysr_EQ1_tl_1_seed_50": {"MSE": 63.11779695815402, "R2": 0.8053527540959997, "Coefficients": [67.17828270392329, 56.68327011139549, 9.944451445523434, 0.04688222015796764, 0.17919726626902016, 16.527475524320437, 4.461459997421738, 0.24880126052171764, 0.5260770737984242], "Check_sum": 390273}, "pysr_EQ1_tl_1_seed_70": {"MSE": 73.67544302463301, "R2": 0.7727943184549114, "Coefficients": [68.59771022301021, 54.07263975019836, 13.639484002429096, 0.29508721438513374, 2.022061746117945, -0.34445349575677064, 2.7683473725706085, 0.6147236078500777, 0.6058175966321195], "Check_sum": 307176}, "pysr_EQ1_tl_1_seed_80": {"MSE": 65.43032936821264, "R2": 0.7982211987126571, "Coefficients": [41.3984658088943, 52.39730355848306, 6.670191824253969, 2.705582610209115, 0.19647094143189414, 23.45253591668012, 2.8417581719171565, 0.16024123956122216, 0.4760518468890842], "Check_sum": 302605}, "pysr_EQ1_tl_2_seed_50": {"MSE": 67.42837081617256, "R2": 0.7920594933967178, "Coefficients": [61.20224673865988, 49.969870464809446, 8.057866266605732, 0.19781659625563736, 1.1839274450521904, 16.32093754019091, 3.4465013625926986, 0.42928579334872663, 0.5438554901100547], "Check_sum": 3342274}, "pysr_EQ1_tl_2_seed_70": {"MSE": 59.53976914383321, "R2": 0.8163869361078845, "Coefficients": [43.37305274507921, 41.32371957017422, 8.194500204329392, 1.0391271266765876, 0.004380889871666585, 26.925056420663154, 8.609889458656351, 0.46125671466799434, 0.66271807251849], "Check_sum": 2944653}, "pysr_EQ1_tl_0_seed_70": {"MSE": 94.57744592072167, "R2": 0.7083352040105583, "Coefficients": [44.51369829284715, 52.99043940586327, 0.5167076472099246, 5.396162200359406, -5.481026248404206, 24.470602922468856, 3.259765189759092, 0.10822233446058421, 0.47137187558655214], "Check_sum": 25916}, "pysr_EQ1_tl_1_seed_60": {"MSE": 66.80849341731975, "R2": 0.7939711163350917, "Coefficients": [41.97878845433266, 50.28334083026791, 9.60519681672221, 1.2473130636061518, 0.04363018553757968, 23.310251031024386, 3.018149458773105, 0.3035406604732921, 0.5236710481785947], "Check_sum": 361950}, "pysr_EQ1_tl_0_seed_90": {"MSE": 72.29055575312178, "R2": 0.7770651343939703, "Coefficients": [52.303163991291186, 51.071086585615845, 13.271347425474342, 1.127040219515406, 2.433220969108687, 10.96361223798683, 3.7454776245223522, 0.3671578569487125, 0.5183713074414034], "Check_sum": 36699}, "pysr_EQ1_tl_1_seed_90": {"MSE": 61.53696284319151, "R2": 0.8102278451406467, "Coefficients": [46.99743919159256, 45.89310045318044, 7.222738255547408, 1.5555390174586123, -0.10476711362890158, 22.979157236619272, 5.2421542974313855, 0.28514019724757067, 0.5543768719002639], "Check_sum": 256016}, "pysr_EQ1_tl_2_seed_60": {"MSE": 64.49852430715653, "R2": 0.8010947668280688, "Coefficients": [55.81775821905383, 53.78530556379129, 7.74962084036742, 1.2519955652453212, 0.027038987122940967, 16.551774293402577, 2.7554310913382114, 0.22776888278244636, 0.4963656960257451], "Check_sum": 3598308}, "pysr_EQ1_tl_2_seed_80": {"MSE": 68.98144611186741, "R2": 0.7872700070147871, "Coefficients": [60.67775122404939, 46.10917609383996, 9.543328856195824, 0.025655868640056367, 0.8347231463441807, 14.064078358509278, 3.6038173203330386, 0.9468596561140972, 0.7120691255680489], "Check_sum": 3256019}, "pysr_EQ1_tl_2_seed_90": {"MSE": 72.56803772878689, "R2": 0.7762094153265412, "Coefficients": [70.13235509925187, 62.61634760143765, 15.19549605950408, 1.0515970511113926, -0.0897741235798368, -4.803885105914986, 1.7556749779378311, 0.5857394448468014, 0.5913367571688302], "Check_sum": 3302350}, "pysr_EQ1_no_tl": {"MSE": 388.63585487169917, "R2": -0.1985034721740293, "Coefficients": [38.85954116, 42.70818472, 19.34746465, 1.11321032, 2.36741444, 44.99763015, 1.90033063, 0.65718667, 0.63587944], "Check_sum": 3403558}, "pysr_EQ1_tl_0_seed_10": {"MSE": 129.6768968132129, "R2": 0.6000929684094707, "Coefficients": [7.825692030960802, 35.8070485670612, 6.180511418059855e-09, 0.4185826292883643, 1.698276121915908, 50.77746646269828, 4.758625374842907, 0.46616974201882855, 0.5616797818931771], "Check_sum": 50496}, "pysr_EQ1_tl_0_seed_20": {"MSE": 71.43354953505093, "R2": 0.7797080324054565, "Coefficients": [20.3439108637739, 30.070116001704307, 1.7602134241086909, 4.661584605565848, 0.7255512398095494, 41.266066022256936, 5.777980442386909, 0.2815337453120562, 0.5506453002794238], "Check_sum": 37135}, "pysr_EQ1_tl_1_seed_10": {"MSE": 64.47105641269336, "R2": 0.8011794743157459, "Coefficients": [54.94121568480105, 50.73542225324667, 2.7176221349920304, 2.2167956560991904, -1.0696377205405075e-05, 20.00803150366096, 3.489808342556529, 0.2739450309492537, 0.5217211269860842], "Check_sum": 258878}, "pysr_EQ1_tl_2_seed_10": {"MSE": 64.51211684285661, "R2": 0.8010528491793805,