{"gpgomea_eq_3_tl_0_seed_60": {"MSE": 89.4082393129784, "R2": 0.7242763787377602, "Coefficients": [5.9302219000086644, 20.327281904144527, 0.2627606041927807, -0.16556606087927556, 0.9955632693090601, 0.3417717227832282, 1.7502470674254704], "Check_sum": 2253}, "gpgomea_eq_3_tl_0_seed_50": {"MSE": 97.19996536187814, "R2": 0.7002476881093105, "Coefficients": [-26.715045298867608, 39.204250003502594, 0.4344533096748745, 0.4885624122152552, 0.4538370736548447, 1.6173090794623208, 1.2300400705515138], "Check_sum": 14000}, "gpgomea_eq_3_tl_1_seed_50": {"MSE": 82.8276748744833, "R2": 0.7445700012369119, "Coefficients": [14.912124867634255, 6.387681999862835, 1.4623808781502312, 0.8646370256241811, 3.227412589514447, 0.7282343816971522, 1.900425679955715], "Check_sum": 390273}, "gpgomea_eq_3_tl_2_seed_50": {"MSE": 82.21734227365945, "R2": 0.7464521892339762, "Coefficients": [20.477974364350352, 2.012264555745846, 2.402840408776079, 2.1412466630003575, 9.326579880688744, 0.7351966797567497, 1.93774557101632], "Check_sum": 3342274}, "gpgomea_eq_3_tl_0_seed_70": {"MSE": 111.32060899547814, "R2": 0.6567014218241558, "Coefficients": [1.9042685098167305, 15.651701015231223, 0.2248156057768287, 2.6602965646465417, 1.610272516474743, 1.9260379590430734, 0.6113250736334037], "Check_sum": 25916}, "gpgomea_eq_3_tl_1_seed_70": {"MSE": 94.91827839739972, "R2": 0.7072841200675619, "Coefficients": [-8.189205867235161, 26.132524503054853, 0.41885191067498395, 0.31708511724566824, 0.6296947879971286, 0.8860162243841188, 1.762216623307567], "Check_sum": 307176}, "gpgomea_eq_3_tl_1_seed_60": {"MSE": 91.8613404884501, "R2": 0.7167113271874661, "Coefficients": [23.033020152831106, 10.27416448589301, 0.6530057069354124, -0.07060507538364319, 1.6168156279970365, 0.5209940716946211, 2.160957754443593], "Check_sum": 361950}, "gpgomea_eq_3_tl_2_seed_60": {"MSE": 82.82480146397765, "R2": 0.7445788624688976, "Coefficients": [-13.845379168303534, 39.63869069899468, 0.36106386265519697, -0.025900434484678048, 0.4185375125074675, 0.5393393896344665, 2.1985490485497188], "Check_sum": 3598308}, "gpgomea_eq_3_tl_0_seed_80": {"MSE": 102.74804227542099, "R2": 0.6831381256193418, "Coefficients": [12.780684288862387, 10.96892686563313, 0.6818433558584724, -0.2504426531843108, 0.8393469729169962, 0.2557703928758944, 2.6118030548794993], "Check_sum": 17583}, "gpgomea_eq_3_tl_1_seed_80": {"MSE": 83.1978890174538, "R2": 0.7434283079776922, "Coefficients": [20.92883183111067, 3.21253391819457, 1.9523202237974902, -0.11928623216176193, 5.949540811915313, 0.5985996876531816, 2.0100898381517256], "Check_sum": 302605}, "gpgomea_eq_3_tl_2_seed_70": {"MSE": 82.71735059551945, "R2": 0.7449102272601822, "Coefficients": [13.375502834355665, 8.276401436866948, 1.2555846084481015, 0.30899677237664025, 2.0724718806076288, 0.6727633755357996, 2.08455810261667], "Check_sum": 2944653}, "gpgomea_eq_3_tl_2_seed_80": {"MSE": 82.55622022201202, "R2": 0.7454071328073688, "Coefficients": [22.07175506787179, 2.2381264118893895, 2.3125220924838805, 1.8437410849314197, 8.032279155642438, 0.6960634392939555, 2.045050460274499], "Check_sum": 3256019}, "gpgomea_eq_3_tl_0_seed_100": {"MSE": 84.66814198789046, "R2": 0.7388942350969894, "Coefficients": [-17.684009179371007, 40.81085202004644, 0.24790284114954875, 0.2332983018524024, 0.5207039973191702, 0.934273186230179, 1.5027643494330154], "Check_sum": 38408}, "gpgomea_eq_3_tl_1_seed_90": {"MSE": 83.49026459697471, "R2": 0.7425266589331119, "Coefficients": [13.075888181332289, 9.20331437723781, 1.2634172495883176, 0.18775702222322277, 1.728262485499375, 0.5541804645837098, 2.3743741494601656], "Check_sum": 256016}, "gpgomea_eq_3_tl_2_seed_90": {"MSE": 82.57357813061634, "R2": 0.7453536032282752, "Coefficients": [-5.420975665798594, 27.984093110546233, 0.5083992752790856, 0.044593830458991485, 0.6327666897736182, 0.6450688059147325, 2.043835614506122], "Check_sum": 3302350}, "gpgomea_eq_3_tl_0_seed_20": {"MSE": 97.8099851376736, "R2": 0.698366464824786, "Coefficients": [28.83933484375551, 1.5433467177552354, 2.476835620391217, -7.058392528417098, 4.702774234512294, 0.08115158001771267, 2.8929755887565616], "Check_sum": 37135}, "gpgomea_eq_3_tl_0_seed_30": {"MSE": 94.9948905818402, "R2": 0.7070478578495711, "Coefficients": [34.504753845552585, 0.7877706381214211, 2.9114174244490414, -5.579597924682798, 16.82960480202739, 0.19764702358113495, 2.6489872888530694], "Check_sum": 38693}, "gpgomea_eq_3_tl_0_seed_10": {"MSE": 203.45081295310857, "R2": 0.37258360832037063, "Coefficients": [8.186408113765033, 20.783454261492892, 0.007786853311635547, 2.620009528706875, 0.9718914129422025, 1.1768997236271725, 1.6299127482959834], "Check_sum": 50496}, "gpgomea_eq_3_tl_0_seed_40": {"MSE": 83.27958074817518, "R2": 0.7431763810860013, "Coefficients": [16.096425332168693, 3.4725109730297667, 2.1207971706307314, 2.6781146010975885, 6.097454713324458, 0.800648948596357, 1.8580895608629864], "Check_sum": 11590}, "gpgomea_eq_3_tl_1_seed_20": {"MSE": 85.18857968940166, "R2": 0.7372892715186357, "Coefficients": [-5.292386853509633, 26.006517735759985, 0.4937252534441148, 0.10195742475000724, 0.6423170487782452, 0.6843147584621105, 1.96049387656792], "Check_sum": 312474}, "gpgomea_eq_3_tl_1_seed_30": {"MSE": 82.87543621816518, "R2": 0.7444227113368141, "Coefficients": [17.39792318218015, 2.421373956292462, 2.375311277076827, 2.077682401912848, 8.03534331789713, 0.7817504133809763, 1.9615279480062169], "Check_sum": 415706}, "gpgomea_eq_3_tl_1_seed_40": {"MSE": 85.36705014723054, "R2": 0.7367388913601733, "Coefficients": [28.38268587265003, 0.7967245167148986, 3.2069625199882523, 1.9343555479973231, 20.424547250639918, 0.5263118565259464, 2.2855985263434784], "Check_sum": 299382}, "gpgomea_eq_3_tl_1_seed_10": {"MSE": 86.51833322302298, "R2": 0.7331884810043199, "Coefficients": [1.3526811166127128, 25.686580069044787, 0.4928274389925258, 0.14188223518038923, 0.6706535724351252, 0.5067020560182112, 2.2208475145125437], "Check_sum": 258878}, "gpgomea_eq_3_tl_0_seed_90": {"MSE": 108.47192592401045, "R2": 0.6654863975526679, "Coefficients": [-4.986371828800085, 14.09270416874962, 0.8603978232714375, 1.3138775309649846, 1.311135977885721, 1.5316189451589324, 1.1912458748911186], "Check_sum": 36699}, "gpgomea_eq_3_tl_1_seed_100": {"MSE": 84.10579006106884, "R2": 0.7406284568071864, "Coefficients": [18.59680699883951, 2.7143611727030255, 2.2132930278876266, 5.502229682563151, 8.433861200908659, 1.0908850092568851, 1.5740388469927513], "Check_sum": 399085}, "gpgomea_eq_3_tl_2_seed_100": {"MSE": 82.19395763063457, "R2": 0.7465243044943403, "Coefficients": [20.815443752536485, 1.908842636496503, 2.47378549942387, 1.8833159764234222, 9.177790729453246, 0.7024842327070107, 2.051293978221228], "Check_sum": 3073834}, "gpgomea_eq_3_tl_2_seed_10": {"MSE": 82.49834856789603, "R2": 0.7455856016169986, "Coefficients": [14.827820679680517, 7.970812637424796, 1.2736369570547494, 0.3354799182658291, 2.2930387870424243, 0.6523308520762066, 2.0460823237176973], "Check_sum": 3403558}, "gpgomea_eq_3_tl_2_seed_30": {"MSE": 82.50891767094201, "R2": 0.7455530078494922, "Coefficients": [14.402964747265317, 7.255561470684954, 1.3800901225672617, 0.5328193345303254, 2.5334050203037384, 0.7458867458512791, 1.9869157084393332], "Check_sum": 3287922}, "gpgomea_eq_3_tl_2_seed_20": {"MSE": 82.60015982785256, "R2": 0.7452716286599625, "Coefficients": [-13.425299898308673, 37.20642520941269, 0.37288233163089074, 0.060421544441224606, 0.5120828326899842, 0.6890877490513986, 1.9283852475467722], "Check_sum": 3545139}, "gpgomea_eq_3_tl_2_seed_40": {"MSE": 82.66018563839516, "R2": 0.7450865167063084, "Coefficients": [-21.467594068637172, 44.68539063877397, 0.3391071932212527, 0.03761011255214179, 0.4029185449918, 0.6038792893938802, 2.056674542796091], "Check_sum": 3299937}, "gpgomea_eq_3_no_tl": {"MSE": 546.7886459943381, "R2": -0.6862265345689595, "Coefficients": [49.9941, 13.4357, 1, 1, 1, 1, 2], "Check_sum": 3403558},