{"gpgomea_eq_3_tl_0_num_hours_8_seed_60": {"MSE": 456.65928295688707, "R2": -0.4082790595968431, "Coefficients": [-4651.523526487274, 4668.387941789172, -0.018170480592268293, 0.01151214057062599, 0.00532154120455187, 0.7556485277107082, 2.22254670478798], "Check_sum": 2253}, "gpgomea_eq_3_tl_0_num_hours_1_seed_20": {"MSE": 338.6363621494385, "R2": -0.0443114055301721, "Coefficients": [47.35654819719905, 20.01377440221975, -0.05542651416323665, 0.4786375721386278, 1.0954192923807093, 0.33521816597734466, 2.5389044399546337], "Check_sum": 37135}, "gpgomea_eq_3_tl_0_num_hours_1_seed_10": {"MSE": 1258.6601761193347, "R2": -2.881547655617631, "Coefficients": [172.02970711716424, 238.48706849973127, 0.1455992795949103, -9.982889427928418, 9.813044762416695, -0.6201370988670916, 0.07324703889539429], "Check_sum": 50496}, "gpgomea_eq_3_tl_0_num_hours_1_seed_60": {"MSE": 1491.526576229803, "R2": -3.5996779711470612, "Coefficients": [49.764359138008764, 17.23818734894175, 3.252058232444813, -2.9732586661247606, 0.9671818142781171, 1.9596235421836865, 1.0831704505167155], "Check_sum": 2253}, "gpgomea_eq_3_tl_0_num_hours_32_seed_30": {"MSE": 134.7063205928977, "R2": 0.5845828661185309, "Coefficients": [-17.918134216194257, 0.027039011803146367, 6.102220593334493, -456.2294677251042, 455.35716841778327, -5.092605591847373, 29.73433312807669], "Check_sum": 38693}, "gpgomea_eq_3_tl_0_num_hours_8_seed_40": {"MSE": 228.37638896558252, "R2": 0.29571630690591444, "Coefficients": [-1290.8869189593474, 339.3332737910305, 0.01924906884269973, 3.657303389478236, 0.20337296366361923, -17.60911208948587, 630.3867319930379], "Check_sum": 11590}, "gpgomea_eq_3_tl_0_num_hours_32_seed_20": {"MSE": 130.9318624878483, "R2": 0.5962228141258257, "Coefficients": [20.722006209623927, 0.008072569993985887, 6.9568344331849685, -1575.4294838332928, 605.4381931904173, 0.4533969005105361, 2.467941154241111], "Check_sum": 37135}, "gpgomea_eq_3_tl_0_num_hours_8_seed_10": {"MSE": 236.49238116448635, "R2": 0.27068762077572006, "Coefficients": [-14672.580685002154, 21.777488922039296, 0.021796857413323066, 1687.8243488062224, 1.688175410446678, -8.87592814142227, 51.396344434879225], "Check_sum": 50496}, "gpgomea_eq_3_tl_0_num_hours_8_seed_20": {"MSE": 205.16452392675666, "R2": 0.36729874196932843, "Coefficients": [-0.9234466109907348, 9.959376868789395, 0.9109869111059264, -2.0055830830878154, 0.19193426594435462, 0.12654089807873128, 2.847423150378783], "Check_sum": 37135}, "gpgomea_eq_3_tl_0_num_hours_32_seed_40": {"MSE": 97.39838487886094, "R2": 0.6996357875935192, "Coefficients": [12.660422013667766, 0.49678030295427744, 4.03733011206058, 98.50147947699283, 88.31941276500075, 1.3304154036707065, 0.9410724122087699], "Check_sum": 11590}, "gpgomea_eq_3_tl_0_num_hours_1_seed_30": {"MSE": 296.9842441914227, "R2": 0.08413842062538024, "Coefficients": [44.7564998685619, 12.982925590550463, 0.03582941373966822, 1.2483075914958734, 1.2969269915446362, 0.20760140806241975, 2.7004771160040537], "Check_sum": 38693}, "gpgomea_eq_3_tl_0_num_hours_1_seed_50": {"MSE": 301.8319571220604, "R2": 0.0691886914466604, "Coefficients": [49.928661200220056, 13.664146996741156, 0.110273313472605, 0.6749011618777455, 2.0819329066777255, 0.2554451995147879, 2.4362054755223794], "Check_sum": 14000}, "gpgomea_eq_3_tl_0_num_hours_8_seed_50": {"MSE": 148.28320702779274, "R2": 0.5427134777706492, "Coefficients": [26.147345782020167, 1.9994313901690937, 1.8099377712593563, -16.682629339558716, 1.5823848585526001, -0.0020165348909947475, 2.98837857904049], "Check_sum": 14000}, "gpgomea_eq_3_tl_0_num_hours_8_seed_30": {"MSE": 126.08743245432336, "R2": 0.6111624192680237, "Coefficients": [33.59420085346078, 1.4782369490750078, 1.5633977330252815, -4.464601458848549, 3.557131232610585, 0.019091024368541324, 2.970759741533536], "Check_sum": 38693}}