{"MSE": 336.0030316774026, "R2": 0.8055100690381415}