{"MSE": 336.0143736008881, "R2": 0.8055035039488188}