{"MSE": 426.30260920433767, "R2": 0.7532416162464409}