{"MSE": 444.8444451787669, "R2": 0.7425089738039907}