{"SFS_NN_24_no_tl": {"MSE": 173.19046020507812, "R2": 0.7642920315265656}}