{"SFS_NN_24_no_tl": {"MSE": 170.24462890625, "R2": 0.7404527962207794}}