{"SFS_NN_24_no_tl": {"MSE": 162.39073181152344, "R2": 0.7196058630943298}}