{"pysr_EQ4": {"MSE": 150.34268763805736, "R2": 0.7707943999926739}}