{"pysr_EQ4": {"MSE": 181.0854889506496, "R2": 0.6873263126190869}}