{"pysr_EQ4": {"MSE": 118.81851830615497, "R2": 0.8385552488898123}}