{"SFS_NN_6_no_tl": {"MSE": 79.70140838623047, "R2": 0.8914423286914825}}