{"SFS_NN_6_no_tl": {"MSE": 115.82044219970703, "R2": 0.8000170737504959}}