{"SFS_NN_6_no_tl": {"MSE": 99.82266998291016, "R2": 0.8478149175643921}}