{"wang": {"MSE": 205.59943021378837, "R2": 0.720641619568639}}