{"wang": {"MSE": 305.30194401611516, "R2": 0.5345505899822495}}