{"wang": {"MSE": 421.4031876201405, "R2": 0.27237853617763663}}