{"full_eq": 139.99010317056818, "a_1": 135.98385523130133, "a_2": 805.6884820587768, "a_3": 153.38269468986454, "a_4": 699.6480500891315, "a_5": 805.7403110665435, "a_6": 805.6652527856445, "a_7": 805.6721176445718, "a_8": 123.48100278971856, "a_9": 136.27720315106308, "a_10": 180.69191460865918, "a_11": 215.14162806271585, "A": 151.9735809484322, "I1": 762.9704403332765, "I2": 123.48100278971856, "I3": 261.85309839474957}