{"full_eq": 119.06183695552248, "a": 160.25653837092344, "b": 262.34775311247813, "c": 124.58729393901335, "d": 121.25153936474962, "e": 119.75172041249272, "f": 119.67986452515099, "g": 137.49741578939376, "h": 290.7015629253808, "i": 227.59792727815028, "j": 293.0236965735164, "k": 190.9760657405357, "I1": 770.8949752738639, "I2": 119.75572862085727}