{"full_eq": 141.60733038218848, "a_1": 136.5317366711156, "a_2": 808.4663896864216, "a_3": 169.48411087102454, "a_4": 142.28775008366128, "a_5": 808.5000642290415, "a_6": 808.4315969582417, "a_7": 404.7670208380664, "a_8": 129.61160801306636, "a_9": 136.5998548838866, "a_10": 183.69668842223444, "a_11": 235.13490714457578, "A": 126.73692053751904, "I1": 764.6024355606843, "I2": 129.61160801306636, "I3": 262.4323607507654}