{"full_eq": 135.02294696882151, "a_1": 134.02879182448922, "a_2": 804.4952740124075, "a_3": 209.23645319619402, "a_4": 401.1034316099285, "a_5": 804.4883715083334, "a_6": 804.4752344655554, "a_7": 801.1518609985206, "a_8": 121.92169258004141, "a_9": 136.77996210734455, "a_10": 185.08117058686108, "a_11": 212.7374853511124, "A": 145.15894094053888, "I1": 761.1800171829844, "I2": 121.92169258004141, "I3": 261.8921446159986}