{"full_eq": 118.82531458953555, "a": 159.59404167425225, "b": 186.13141298035248, "c": 124.35454579564467, "d": 121.0232895311973, "e": 119.4458822129389, "f": 119.36973562909219, "g": 137.12159092418415, "h": 287.6502923920353, "i": 225.6749255304877, "j": 291.95199303093074, "k": 188.59647146670827, "I1": 767.5931678484958, "I2": 119.44344222213397}