{"full_eq": 141.9054612302966, "a_1": 126.88812304015907, "a_2": 806.6758613414577, "a_3": 167.49858322602637, "a_4": 246.09005310912525, "a_5": 806.6734424535794, "a_6": 806.6492895315735, "a_7": 750.5748159986673, "a_8": 129.0734202177686, "a_9": 130.61826857325468, "a_10": 177.8162273379476, "a_11": 212.4422520859013, "A": 148.78393641339503, "I1": 763.6277653736362, "I2": 129.0734202177686, "I3": 255.03991943933846}