{"full_eq": 145.10530482020894, "a_1": 135.85333569374748, "a_2": 807.6779377895946, "a_3": 345.35982930334904, "a_4": 240.9539831931265, "a_5": 807.7234567764682, "a_6": 807.6707320588816, "a_7": 288.34861194568776, "a_8": 128.2467884752575, "a_9": 133.67315671791005, "a_10": 186.04540215279795, "a_11": 233.67992438049572, "A": 149.44929514589077, "I1": 763.5890581227362, "I2": 128.2467884752575, "I3": 256.8526945327047}