{"full_eq": 118.3606560599467, "a": 159.27228583953348, "b": 253.6310747371799, "c": 123.7073510069356, "d": 120.46251051151987, "e": 119.04299312407223, "f": 118.9524698900645, "g": 137.13317390501808, "h": 287.8315079455473, "i": 225.4149425010429, "j": 287.81049119684207, "k": 204.77314247070385, "I1": 762.2152263235555, "I2": 119.04735314593024}