{"full_eq": 119.06692603959424, "a": 159.83200420943513, "b": 186.5470427863275, "c": 124.6707659583587, "d": 121.28972338257155, "e": 119.67549958044712, "f": 126.22253638412154, "g": 139.18037562604613, "h": 291.1416321185062, "i": 227.77918518075626, "j": 298.08414571920156, "k": 188.61798748091283, "I1": 769.38179339251, "I2": 119.7441400112334}