{"full_eq": 117.81770224631941, "a": 158.69050402741627, "b": 184.5289287674225, "c": 123.27232330970108, "d": 119.92908283287096, "e": 118.56396656368179, "f": 118.4546179828343, "g": 136.82550397753892, "h": 288.7132193694202, "i": 225.6851505658783, "j": 306.7690424590856, "k": 187.53273653332957, "I1": 765.176138814052, "I2": 118.56846892867812}