{"full_eq": 121.30216483243753, "a_1": 128.38540840083883, "a_2": 805.3594009842199, "a_3": 170.03756034348018, "a_4": 384.6242666162487, "a_5": 805.3578097517981, "a_6": 805.3308154427486, "a_7": 805.2900793193742, "a_8": 136.1939076459334, "a_9": 123.31315100185925, "a_10": 181.1848873785203, "a_11": 253.93980086447968, "A": 150.5551314270114, "I1": 762.5516690229057, "I2": 136.1939076459334, "I3": 254.52022610931874}