{"full_eq": 118.54550429493979, "a": 159.87459008346627, "b": 186.08073024747617, "c": 124.15219807310348, "d": 120.68717230492473, "e": 119.30707769834493, "f": 122.9129248054534, "g": 136.84134432035515, "h": 288.76751647375414, "i": 226.30133205401575, "j": 294.599270537292, "k": 187.73022914574898, "I1": 767.0238225453004, "I2": 120.96985900928864}