{"full_eq": 133.96917004207535, "a_1": 135.4935658511286, "a_2": 803.9725723564978, "a_3": 176.98894979541183, "a_4": 210.6913205573835, "a_5": 804.0552624724018, "a_6": 803.9701697014685, "a_7": 803.9091303111, "a_8": 137.1200733239025, "a_9": 134.0528993051765, "a_10": 185.97892147934098, "a_11": 225.38113398219872, "A": 150.5324468271765, "I1": 760.626946307903, "I2": 137.1200733239025, "I3": 265.37125694331843}