{"full_eq": 153.31244990582667, "a_1": 122.56502443102443, "a_2": 808.8226034715144, "a_3": 141.90263039673076, "a_4": 154.9961176614498, "a_5": 808.8418472643783, "a_6": 446.61890561401367, "a_7": 804.457913527898, "a_8": 139.92898731965644, "a_9": 132.83051399724604, "a_10": 184.4809055341591, "a_11": 234.98792392146817, "A": 145.91120421715206, "I1": 765.6302588001693, "I2": 139.92898731965644, "I3": 259.6589092998067}