{"full_eq": 128.61546080060288, "a_1": 137.64592545359176, "a_2": 800.7226469212594, "a_3": 135.49329601325638, "a_4": 408.1871542242808, "a_5": 800.7293944420113, "a_6": 800.6415324794335, "a_7": 658.1727808735948, "a_8": 129.15015233909318, "a_9": 128.7714611435077, "a_10": 187.4966412712069, "a_11": 222.616645098645, "A": 145.1985626988315, "I1": 757.580019486803, "I2": 129.15015233909318, "I3": 257.67361374856864}