{"full_eq": 118.03357733567873, "a": 158.99569142861463, "b": 185.26683509963914, "c": 123.52933194710094, "d": 120.20476395417577, "e": 118.74021322362009, "f": 118.6612281854847, "g": 137.67376736344627, "h": 288.77063349621665, "i": 225.8302881247144, "j": 289.55862651741677, "k": 193.01053756268252, "I1": 765.7722545091295, "I2": 118.74285939823082}