{"full_eq": 127.59023616698394, "a_1": 138.36534910796914, "a_2": 810.6199352916942, "a_3": 166.18776629261146, "a_4": 475.27672714248206, "a_5": 810.6284181746593, "a_6": 810.6031842229978, "a_7": 807.6326045198476, "a_8": 139.38705373717144, "a_9": 127.21486390469371, "a_10": 186.15762737276452, "a_11": 241.10630800645728, "A": 138.1444185271406, "I1": 766.3250009104084, "I2": 139.38705373717144, "I3": 255.33524346401936}