{"full_eq": 118.68689147319314, "a": 160.051079353175, "b": 280.83795956953986, "c": 124.05121536669449, "d": 120.74817764240456, "e": 119.29766002957977, "f": 119.27174781239627, "g": 137.26444407202578, "h": 288.8504095606229, "i": 226.12510562231142, "j": 293.76368619286546, "k": 190.90533006922072, "I1": 768.2890521224416, "I2": 119.30542600150217}