{"full_eq": 129.25237299658767, "a": 159.54644833869847, "b": 186.51639405575997, "c": 124.24201994019138, "d": 120.79003575025892, "e": 119.3312254797426, "f": 119.26471140959666, "g": 137.397747301278, "h": 288.85359932034277, "i": 249.0592289704883, "j": 301.08704254872265, "k": 189.16774953994025, "I1": 770.0987859991842, "I2": 119.3371372643624}