{"full_eq": 127.63197330726574, "a": 158.79899826028822, "b": 184.84850604073466, "c": 123.50357082913789, "d": 120.1934355885928, "e": 118.7554624706844, "f": 132.7505047921113, "g": 136.5667793045389, "h": 288.78405036003323, "i": 226.44179992988126, "j": 299.9139326719048, "k": 207.28688793866337, "I1": 768.2285773524868, "I2": 118.74845402451251}